{"type":"FeatureCollection","features":[{"type":"Feature","geometry":{"type":"Polygon","coordinates":[[[-80.8942,38.081],[-80.8761,38.0638],[-80.8618,38.0568],[-80.8374,38.0531],[-80.8273,38.0632],[-80.8001,38.0635],[-80.8143,38.0554],[-80.8125,38.0471],[-80.8299,38.0431],[-80.8283,38.0317],[-80.8233,38.0273],[-80.7984,38.0263],[-80.7967,38.0175],[-80.786,38.0062],[-80.7905,37.9958],[-80.7889,37.9924],[-80.7699,37.9853],[-80.8109,37.9491],[-80.7489,37.8651],[-80.8063,37.8689],[-80.7514,37.8358],[-80.6682,37.763],[-80.6633,37.7317],[-80.6548,37.7273],[-80.63,37.723],[-80.6202,37.7167],[-80.5086,37.6915],[-80.5009,37.695],[-80.4959,37.6912],[-80.4926,37.6941],[-80.4889,37.6915],[-80.4849,37.6942],[-80.4799,37.6925],[-80.4741,37.6969],[-80.473,37.6934],[-80.4606,37.6922],[-80.4627,37.6876],[-80.4517,37.6839],[-80.4222,37.7019],[-80.4153,37.7003],[-80.412,37.7061],[-80.406,37.7075],[-80.3946,37.7169],[-80.391,37.7137],[-80.3941,37.7107],[-80.3934,37.7022],[-80.3859,37.7075],[-80.3808,37.7073],[-80.3853,37.6928],[-80.3775,37.6858],[-80.3695,37.6917],[-80.3617,37.6896],[-80.3517,37.7088],[-80.3398,37.7043],[-80.348,37.6976],[-80.3479,37.694],[-80.3363,37.6876],[-80.3183,37.6858],[-80.2871,37.6964],[-80.2522,37.7273],[-80.2628,37.7383],[-80.2574,37.7561],[-80.2494,37.7573],[-80.2517,37.7632],[-80.2484,37.7683],[-80.242,37.7677],[-80.2409,37.7724],[-80.2298,37.7785],[-80.2166,37.776],[-80.2159,37.782],[-80.2235,37.7824],[-80.223,37.7867],[-80.2295,37.7923],[-80.2277,37.7979],[-80.2186,37.8098],[-80.2065,37.816],[-80.193,37.8347],[-80.1794,37.8398],[-80.1836,37.8468],[-80.1828,37.8514],[-80.1767,37.8528],[-80.1622,37.8751],[-80.1498,37.8834],[-80.149,37.8869],[-80.1415,37.8824],[-80.1298,37.8942],[-80.1177,37.8977],[-80.119,37.9036],[-80.1029,37.9189],[-80.0966,37.9181],[-80.0745,37.9422],[-80.0561,37.952],[-80.0131,37.9843],[-80.0122,37.9886],[-79.9994,37.9949],[-79.9955,38.0071],[-79.9861,38.0142],[-79.9803,38.0276],[-79.9716,38.0352],[-79.9739,38.04],[-79.9598,38.0637],[-80.1069,38.0558],[-80.1691,38.0361],[-80.1978,38.0429],[-80.2104,38.0371],[-80.2222,38.0438],[-80.2647,38.0466],[-80.3633,38.1143],[-80.36,38.2258],[-80.4365,38.2673],[-80.5327,38.1986],[-80.712,38.0791],[-80.8822,38.1035],[-80.8834,38.0841],[-80.8942,38.081]]]},"properties":{"NAME":"Greenbrier County","GEOID":"54025"}},{"type":"Feature","geometry":{"type":"Polygon","coordinates":[[[-81.1007,39.3247],[-81.1131,39.3241],[-81.121,39.3141],[-81.1323,39.3151],[-81.1358,39.3105],[-81.1421,39.3135],[-81.1585,39.3095],[-81.1648,39.312],[-81.1708,39.3056],[-81.1891,39.3141],[-81.1916,39.3119],[-81.1903,39.3051],[-81.2213,39.308],[-81.2201,39.3047],[-81.2323,39.2901],[-81.2321,39.2726],[-81.2432,39.2672],[-81.2483,39.2708],[-81.255,39.2693],[-81.2597,39.2668],[-81.2586,39.2641],[-81.2676,39.2605],[-81.2666,39.2553],[-81.2714,39.254],[-81.2709,39.2485],[-81.2775,39.2426],[-81.2773,39.2337],[-81.2913,39.2241],[-81.2964,39.2075],[-81.3018,39.2016],[-81.2966,39.1918],[-81.2959,39.1816],[-81.3019,39.1822],[-81.2978,39.1782],[-81.3162,39.168],[-81.319,39.1631],[-81.3106,39.1579],[-81.321,39.1565],[-81.3201,39.1528],[-81.3288,39.1526],[-81.3246,39.143],[-81.2998,39.1299],[-81.2873,39.1324],[-81.2872,39.1257],[-81.2774,39.1183],[-81.2764,39.108],[-81.2634,39.107],[-81.2644,39.1047],[-81.261,39.1032],[-81.2635,39.0986],[-81.258,39.0947],[-81.2606,39.0842],[-81.2572,39.0718],[-81.2618,39.0655],[-81.2724,39.0639],[-81.2739,39.0592],[-81.2537,39.0561],[-81.2489,39.0409],[-81.2534,39.038],[-81.2501,39.0349],[-81.2411,39.0381],[-81.2282,39.0323],[-81.2247,39.0409],[-81.2107,39.0452],[-81.2041,39.0425],[-81.2028,39.0381],[-81.1794,39.0414],[-81.1738,39.0339],[-81.1629,39.0305],[-81.1627,39.0347],[-81.1555,39.0402],[-81.1296,39.0452],[-81.1248,39.0398],[-81.116,39.0425],[-81.1164,39.0385],[-81.112,39.0371],[-81.1122,39.0307],[-81.1049,39.0272],[-81.1025,39.0215],[-81.094,39.0221],[-81.0921,39.015],[-81.0814,39.0167],[-81.0764,39.0104],[-81.0597,39.0079],[-81.0457,39.009],[-81.0396,39.0128],[-81.0336,39.0096],[-81.0248,39.0125],[-81.0264,39.0099],[-81.0231,39.0082],[-81.0169,39.0109],[-81.0072,39.0088],[-81.0051,39.0115],[-80.9983,39.0113],[-80.9903,39.0206],[-80.9821,39.0202],[-80.9821,39.0261],[-80.9672,39.029],[-80.9639,39.0317],[-80.9657,39.0353],[-80.9602,39.038],[-80.9366,39.0447],[-80.9193,39.0434],[-80.9116,39.0462],[-80.9051,39.0536],[-80.8981,39.0556],[-80.8975,39.0628],[-80.8855,39.0638],[-80.8774,39.0687],[-80.877,39.0739],[-80.8629,39.0713],[-80.8518,39.0797],[-80.8546,39.0839],[-80.835,39.0824],[-80.8281,39.0921],[-80.8188,39.0916],[-80.8177,39.097],[-80.8109,39.0991],[-80.8089,39.1043],[-80.9138,39.2729],[-80.8887,39.2943],[-80.8898,39.3007],[-80.884,39.3078],[-80.8914,39.3149],[-80.8899,39.3216],[-80.8925,39.3252],[-80.8839,39.3327],[-80.885,39.3413],[-80.8807,39.3457],[-80.8857,39.3515],[-80.8823,39.3539],[-80.8825,39.3584],[-80.8952,39.3677],[-80.8975,39.3733],[-80.9034,39.373],[-80.9044,39.3781],[-80.9107,39.3751],[-80.919,39.3842],[-80.9321,39.3891],[-80.9428,39.3784],[-80.9419,39.3628],[-80.9463,39.3596],[-80.9488,39.3498],[-80.9579,39.3438],[-80.9577,39.3401],[-80.9867,39.3473],[-80.9945,39.3411],[-81.0022,39.3405],[-81.0091,39.3516],[-81.0174,39.3516],[-81.0235,39.3465],[-81.0347,39.3512],[-81.0397,39.3389],[-81.0442,39.3383],[-81.0444,39.3288],[-81.0606,39.3227],[-81.0716,39.3287],[-81.0768,39.327],[-81.081,39.3312],[-81.1007,39.3247]]]},"properties":{"NAME":"Ritchie County","GEOID":"54085"}},{"type":"Feature","geometry":{"type":"Polygon","coordinates":[[[-78.9913,38.8483],[-78.8693,38.763],[-78.8291,38.8186],[-78.7963,38.8751],[-78.786,38.8872],[-78.7591,38.9005],[-78.7504,38.9117],[-78.7505,38.916],[-78.7391,38.9271],[-78.7224,38.9314],[-78.7171,38.936],[-78.7208,38.9136],[-78.7193,38.9052],[-78.7166,38.9045],[-78.7043,38.9152],[-78.6974,38.9144],[-78.6883,38.9248],[-78.6805,38.9253],[-78.6707,38.9338],[-78.6466,38.9681],[-78.6384,38.9668],[-78.6278,38.9818],[-78.6205,38.9826],[-78.6187,38.9741],[-78.6112,38.9761],[-78.6102,38.9705],[-78.6017,38.9646],[-78.5705,39.0016],[-78.5505,39.0181],[-78.5719,39.032],[-78.5402,39.0606],[-78.5227,39.0711],[-78.5165,39.0818],[-78.5081,39.0886],[-78.5169,39.0928],[-78.5161,39.0967],[-78.5217,39.0975],[-78.5295,39.1073],[-78.5367,39.1087],[-78.5383,39.1152],[-78.5482,39.1192],[-78.5505,39.1242],[-78.5613,39.1314],[-78.6023,39.1404],[-78.6236,39.1185],[-78.6399,39.127],[-78.6569,39.1257],[-78.6667,39.1296],[-78.6697,39.1369],[-78.6914,39.1466],[-78.733,39.1499],[-78.8422,39.1843],[-78.899,39.1989],[-78.9799,39.2376],[-78.9971,39.2129],[-78.9976,39.2055],[-79.0028,39.1995],[-79.0016,39.1952],[-79.0163,39.1752],[-79.0244,39.1693],[-79.0273,39.1595],[-79.0361,39.15],[-79.0346,39.1442],[-79.0288,39.1418],[-79.0389,39.1304],[-79.0371,39.1193],[-79.053,39.1045],[-79.0543,39.1014],[-79.051,39.1005],[-79.0574,39.0909],[-79.066,39.0871],[-79.0684,39.0761],[-79.0779,39.0722],[-79.0729,39.0652],[-79.0897,39.0382],[-79.0778,39.0218],[-79.0827,39.0161],[-79.0826,39.0021],[-79.0461,38.9284],[-79.0745,38.8986],[-79.0861,38.8939],[-79.085,38.8804],[-79.0808,38.877],[-79.083,38.8693],[-79.1343,38.8133],[-79.0573,38.7614],[-79.0557,38.7709],[-79.0513,38.7736],[-79.055,38.7857],[-79.0466,38.7921],[-79.0273,38.7921],[-79.023,38.7986],[-79.0241,38.8092],[-79.0198,38.8117],[-79.0195,38.8179],[-79.0066,38.8237],[-78.999,38.8401],[-79.0002,38.8456],[-78.994,38.8501],[-78.9913,38.8483]]]},"properties":{"NAME":"Hardy County","GEOID":"54031"}},{"type":"Feature","geometry":{"type":"Polygon","coordinates":[[[-82.3087,38.2811],[-82.3026,38.2876],[-82.3056,38.2952],[-82.3027,38.2991],[-82.2926,38.3041],[-82.2826,38.3013],[-82.2757,38.3056],[-82.2835,38.3142],[-82.289,38.314],[-82.2862,38.3212],[-82.2967,38.3221],[-82.2987,38.3284],[-82.3144,38.3314],[-82.3173,38.3263],[-82.3213,38.3276],[-82.3223,38.3247],[-82.3303,38.324],[-82.3294,38.3134],[-82.3439,38.3052],[-82.5083,38.4112],[-82.5382,38.4041],[-82.5666,38.4046],[-82.5834,38.41],[-82.5935,38.4183],[-82.5935,38.4218],[-82.596,38.4179],[-82.5946,38.3983],[-82.5995,38.39],[-82.5928,38.3756],[-82.5976,38.3649],[-82.5981,38.3459],[-82.5767,38.3285],[-82.5718,38.3172],[-82.583,38.2968],[-82.5741,38.2746],[-82.5745,38.2645],[-82.5841,38.2463],[-82.6046,38.2477],[-82.6087,38.244],[-82.6124,38.2343],[-82.6086,38.2235],[-82.5985,38.2179],[-82.5991,38.1972],[-82.6125,38.1706],[-82.643,38.1694],[-82.6445,38.1652],[-82.6386,38.1559],[-82.637,38.1387],[-82.6218,38.1333],[-82.6192,38.1205],[-82.6062,38.1208],[-82.587,38.1087],[-82.5834,38.09],[-82.5739,38.0819],[-82.566,38.081],[-82.5596,38.0728],[-82.5504,38.0701],[-82.5442,38.0526],[-82.5371,38.0447],[-82.5387,38.0374],[-82.5263,38.027],[-82.5251,38.0175],[-82.5198,38.0084],[-82.5155,38.0066],[-82.5192,38.0011],[-82.4887,37.9989],[-82.4836,37.9838],[-82.4722,37.9867],[-82.4646,37.9839],[-82.4646,37.9774],[-82.4689,37.9732],[-82.4844,37.9709],[-82.4845,37.9636],[-82.4718,37.9587],[-82.4856,37.9458],[-82.4972,37.9462],[-82.497,37.942],[-82.4893,37.9382],[-82.4913,37.9357],[-82.5,37.9368],[-82.5024,37.9335],[-82.4959,37.927],[-82.4807,37.9262],[-82.4883,37.9177],[-82.4756,37.9118],[-82.4744,37.9],[-82.4714,37.8991],[-82.4684,37.9032],[-82.468,37.9139],[-82.463,37.9148],[-82.46,37.9095],[-82.4519,37.9086],[-82.4376,37.8998],[-82.432,37.8899],[-82.4205,37.8854],[-82.4176,37.8703],[-82.4075,37.8673],[-82.4227,37.8639],[-82.4245,37.861],[-82.4149,37.8563],[-82.4101,37.8486],[-82.4048,37.8489],[-82.4006,37.8427],[-82.394,37.8426],[-82.3911,37.8471],[-82.4,37.8514],[-82.4006,37.8627],[-82.4037,37.8629],[-82.2909,37.9552],[-82.2435,38.0008],[-82.2349,38.0038],[-82.2175,38.0201],[-82.2039,38.0236],[-82.2064,38.029],[-82.2023,38.0312],[-82.1983,38.0422],[-82.1923,38.0463],[-82.1926,38.0511],[-82.1976,38.0487],[-82.2078,38.0505],[-82.2118,38.0572],[-82.2069,38.0582],[-82.2058,38.0668],[-82.2233,38.0707],[-82.2278,38.0689],[-82.2279,38.0762],[-82.2354,38.0762],[-82.2355,38.0803],[-82.2395,38.0821],[-82.2378,38.0865],[-82.2409,38.0972],[-82.2463,38.1021],[-82.253,38.1009],[-82.2686,38.1151],[-82.2583,38.1276],[-82.2578,38.1336],[-82.2646,38.1335],[-82.2644,38.1371],[-82.2854,38.1441],[-82.2863,38.149],[-82.284,38.1528],[-82.28,38.1525],[-82.2789,38.1604],[-82.2717,38.1694],[-82.2775,38.1739],[-82.2713,38.1785],[-82.2751,38.1827],[-82.2718,38.1863],[-82.2782,38.2022],[-82.2778,38.2057],[-82.2664,38.2106],[-82.27,38.218],[-82.2648,38.2292],[-82.2698,38.2318],[-82.2754,38.2281],[-82.2994,38.24],[-82.3001,38.2455],[-82.3115,38.2564],[-82.3089,38.264],[-82.3134,38.2681],[-82.3087,38.2811]]]},"properties":{"NAME":"Wayne County","GEOID":"54099"}},{"type":"Feature","geometry":{"type":"Polygon","coordinates":[[[-80.7338,40.0334],[-80.5191,40.0164],[-80.5191,40.1597],[-80.5954,40.177],[-80.6642,40.1786],[-80.6619,40.1819],[-80.6649,40.1831],[-80.6637,40.1859],[-80.673,40.1831],[-80.6802,40.1846],[-80.6829,40.1821],[-80.6818,40.1856],[-80.706,40.1524],[-80.7102,40.1383],[-80.7071,40.1111],[-80.7091,40.1012],[-80.7314,40.0863],[-80.7385,40.0778],[-80.7382,40.0665],[-80.7313,40.0489],[-80.7338,40.0334]]]},"properties":{"NAME":"Ohio County","GEOID":"54069"}},{"type":"Feature","geometry":{"type":"Polygon","coordinates":[[[-78.1543,39.5637],[-78.1389,39.5938],[-78.116,39.5939],[-78.1092,39.5874],[-78.0949,39.5822],[-78.0853,39.5973],[-78.0787,39.5999],[-78.0591,39.5983],[-78.0436,39.6129],[-78.037,39.6138],[-78.0352,39.6205],[-78.0222,39.6198],[-78.0373,39.637],[-78.0758,39.6678],[-78.0895,39.6714],[-78.0983,39.6789],[-78.1398,39.6898],[-78.1819,39.6953],[-78.191,39.6903],[-78.2022,39.6769],[-78.2271,39.6762],[-78.2326,39.6736],[-78.2238,39.6605],[-78.2541,39.6402],[-78.2623,39.6305],[-78.2661,39.6191],[-78.286,39.6212],[-78.3109,39.6306],[-78.3553,39.6407],[-78.3593,39.6372],[-78.3535,39.6306],[-78.3555,39.6261],[-78.3738,39.6304],[-78.3824,39.6278],[-78.3834,39.6229],[-78.372,39.6119],[-78.3756,39.6083],[-78.3839,39.609],[-78.3965,39.6164],[-78.4205,39.6241],[-78.4301,39.6234],[-78.4335,39.6182],[-78.4255,39.6077],[-78.3989,39.5916],[-78.3948,39.5852],[-78.4074,39.5786],[-78.4435,39.5913],[-78.4568,39.5876],[-78.458,39.5797],[-78.4543,39.5741],[-78.4263,39.5592],[-78.417,39.5486],[-78.4245,39.5452],[-78.4315,39.5523],[-78.4377,39.5534],[-78.4391,39.5508],[-78.4346,39.5422],[-78.4379,39.5385],[-78.4504,39.5498],[-78.4611,39.5508],[-78.4605,39.5462],[-78.4499,39.5434],[-78.4485,39.5404],[-78.4624,39.5364],[-78.4612,39.5239],[-78.4686,39.5166],[-78.3986,39.4837],[-78.3471,39.466],[-78.2288,39.3912],[-78.2,39.4412],[-78.1739,39.5214],[-78.1543,39.5637]]]},"properties":{"NAME":"Morgan County","GEOID":"54065"}},{"type":"Feature","geometry":{"type":"Polygon","coordinates":[[[-82.4206,37.8476],[-82.4129,37.8448],[-82.4087,37.8361],[-82.3993,37.8295],[-82.4013,37.8095],[-82.3966,37.8089],[-82.3867,37.8182],[-82.3766,37.8022],[-82.369,37.8013],[-82.3639,37.795],[-82.3551,37.7934],[-82.349,37.7869],[-82.3401,37.7856],[-82.3375,37.7749],[-82.3239,37.775],[-82.3231,37.7727],[-82.3336,37.7672],[-82.3334,37.7644],[-82.3285,37.7621],[-82.3115,37.7646],[-82.311,37.7612],[-82.3196,37.7583],[-82.3213,37.7516],[-82.3342,37.7428],[-82.3189,37.7337],[-82.3161,37.7211],[-82.3114,37.7185],[-82.3077,37.708],[-82.2964,37.7022],[-82.3029,37.6936],[-82.2959,37.6862],[-82.3043,37.6761],[-82.295,37.6781],[-82.2946,37.6704],[-82.2881,37.6681],[-82.2825,37.6759],[-82.2713,37.6636],[-82.2581,37.6569],[-82.2409,37.6615],[-82.2361,37.6596],[-82.2262,37.6529],[-82.2242,37.6447],[-82.2168,37.6416],[-82.2205,37.6348],[-82.2145,37.6254],[-82.1872,37.627],[-82.1867,37.6351],[-82.1911,37.6446],[-82.1858,37.6486],[-82.1751,37.6478],[-82.1776,37.6408],[-82.1724,37.6326],[-82.1817,37.6271],[-82.1812,37.6215],[-82.1767,37.6182],[-82.169,37.6219],[-82.1642,37.6203],[-82.1696,37.613],[-82.1688,37.6091],[-82.1567,37.609],[-82.1569,37.5927],[-82.1484,37.5907],[-82.1399,37.595],[-82.1313,37.5927],[-82.1273,37.5865],[-82.1244,37.5774],[-82.1262,37.5737],[-82.1418,37.5711],[-82.1449,37.5677],[-82.1344,37.5629],[-82.1353,37.5574],[-82.1321,37.5524],[-82.1234,37.5515],[-82.118,37.559],[-82.1048,37.5602],[-82.102,37.5584],[-82.104,37.5529],[-82.0752,37.5559],[-82.0639,37.5431],[-82.0648,37.5372],[-82.0503,37.5354],[-82.0462,37.5279],[-82.042,37.5342],[-82.045,37.5447],[-82.043,37.5481],[-82.0392,37.5478],[-82.037,37.5425],[-82.0296,37.5378],[-82.0196,37.5406],[-82.016,37.534],[-82.0108,37.5329],[-81.9983,37.5433],[-81.9941,37.5377],[-81.9891,37.5428],[-81.9817,37.5421],[-81.9701,37.5467],[-81.9649,37.5429],[-81.9677,37.5331],[-81.9575,37.5355],[-81.9574,37.5296],[-81.9542,37.5281],[-81.9439,37.5312],[-81.9476,37.5259],[-81.9435,37.5208],[-81.9443,37.5133],[-81.9378,37.5136],[-81.9337,37.5195],[-81.9265,37.5147],[-81.927,37.5114],[-81.9226,37.5119],[-81.9095,37.527],[-81.8937,37.5252],[-81.8894,37.5281],[-81.8863,37.5366],[-81.8694,37.5378],[-81.8559,37.5489],[-81.8558,37.5618],[-81.8343,37.5692],[-81.8381,37.5752],[-81.8279,37.5877],[-81.83,37.5969],[-81.813,37.6015],[-81.8197,37.6081],[-81.8192,37.611],[-81.8119,37.6138],[-81.8113,37.607],[-81.8036,37.6122],[-81.7993,37.6205],[-81.8015,37.6251],[-81.7955,37.6315],[-81.8024,37.6423],[-81.7997,37.6565],[-81.8078,37.6618],[-81.8166,37.656],[-81.8297,37.665],[-81.8343,37.6719],[-81.8503,37.6644],[-81.865,37.6789],[-81.8706,37.6801],[-81.8748,37.6701],[-81.8887,37.6673],[-81.8929,37.662],[-81.9005,37.6609],[-81.9067,37.6631],[-81.9075,37.6686],[-81.9117,37.6701],[-81.9104,37.6763],[-81.9134,37.68],[-81.9302,37.682],[-81.9448,37.6712],[-81.9554,37.675],[-81.9571,37.6697],[-81.9666,37.6645],[-81.9799,37.6678],[-81.9854,37.6589],[-81.9918,37.6583],[-81.9873,37.6506],[-81.9918,37.6474],[-81.9934,37.6406],[-82.0004,37.6453],[-81.9993,37.6523],[-82.0028,37.6544],[-82.001,37.6625],[-82.0226,37.6682],[-82.024,37.6823],[-82.0318,37.6858],[-82.0413,37.7016],[-82.0557,37.7015],[-82.0569,37.7058],[-82.0826,37.7016],[-82.0808,37.7059],[-82.0859,37.7071],[-82.0838,37.7139],[-82.0883,37.7176],[-82.0856,37.7217],[-82.092,37.7225],[-82.0852,37.7298],[-82.094,37.7347],[-82.0902,37.7392],[-82.0912,37.7422],[-82.0973,37.7429],[-82.0994,37.7468],[-82.1025,37.7456],[-82.1056,37.7505],[-82.11,37.747],[-82.117,37.7476],[-82.1093,37.7593],[-82.111,37.7662],[-82.1004,37.7669],[-82.1041,37.771],[-82.0999,37.787],[-82.1071,37.7887],[-82.1016,37.7946],[-82.1021,37.7979],[-82.1193,37.8059],[-82.1229,37.8047],[-82.1249,37.8108],[-82.1335,37.8104],[-82.1336,37.8263],[-82.1462,37.8379],[-82.1348,37.8466],[-82.1128,37.8531],[-82.1123,37.8597],[-82.1199,37.8582],[-82.1288,37.8779],[-82.1185,37.8818],[-82.1221,37.8871],[-82.1202,37.8924],[-82.1279,37.9008],[-82.1444,37.9009],[-82.1499,37.9061],[-82.1598,37.9075],[-82.1643,37.9141],[-82.1635,37.9235],[-82.1733,37.9293],[-82.1722,37.9365],[-82.1858,37.9425],[-82.1873,37.9458],[-82.1811,37.9509],[-82.1972,37.9627],[-82.1903,37.9711],[-82.1907,37.9748],[-82.3064,37.9436],[-82.4037,37.8629],[-82.4006,37.8627],[-82.4,37.8514],[-82.3911,37.8471],[-82.394,37.8426],[-82.4006,37.8427],[-82.4148,37.8555],[-82.4206,37.8476]]]},"properties":{"NAME":"Mingo County","GEOID":"54059"}},{"type":"Feature","geometry":{"type":"Polygon","coordinates":[[[-81.4991,37.258],[-81.4923,37.251],[-81.4801,37.2511],[-81.4761,37.2556],[-81.4621,37.2599],[-81.4589,37.2629],[-81.4606,37.2655],[-81.4477,37.2722],[-81.4395,37.2709],[-81.4356,37.2742],[-81.4279,37.271],[-81.416,37.2736],[-81.416,37.2789],[-81.4116,37.2803],[-81.4023,37.2958],[-81.4051,37.2988],[-81.3968,37.3045],[-81.3987,37.3102],[-81.3943,37.3164],[-81.3863,37.3206],[-81.3749,37.3188],[-81.3686,37.3252],[-81.3692,37.3324],[-81.3654,37.3378],[-81.3622,37.3377],[-81.3112,37.4245],[-81.3234,37.4286],[-81.3291,37.4352],[-81.3464,37.4335],[-81.3492,37.4369],[-81.3741,37.4432],[-81.3829,37.4522],[-81.3854,37.4613],[-81.393,37.4598],[-81.3983,37.4645],[-81.4033,37.4588],[-81.4134,37.4589],[-81.4169,37.4556],[-81.4265,37.4612],[-81.4322,37.4487],[-81.4372,37.4521],[-81.439,37.4586],[-81.4426,37.458],[-81.4554,37.4665],[-81.4558,37.4707],[-81.4507,37.4768],[-81.4658,37.4847],[-81.4803,37.4792],[-81.4914,37.481],[-81.4991,37.4737],[-81.5193,37.4783],[-81.5273,37.4756],[-81.5346,37.4853],[-81.5502,37.4879],[-81.5534,37.4918],[-81.5706,37.4873],[-81.5757,37.4909],[-81.583,37.4874],[-81.5872,37.4945],[-81.5959,37.4907],[-81.602,37.4931],[-81.6025,37.5004],[-81.6076,37.5024],[-81.6034,37.5089],[-81.6128,37.5105],[-81.6125,37.5166],[-81.6175,37.5213],[-81.6302,37.5162],[-81.6284,37.512],[-81.6339,37.51],[-81.6411,37.5154],[-81.6465,37.5133],[-81.6544,37.5233],[-81.6721,37.5164],[-81.6821,37.5176],[-81.6888,37.5136],[-81.6849,37.5057],[-81.7018,37.5017],[-81.7076,37.4953],[-81.7152,37.4974],[-81.7359,37.4956],[-81.7522,37.5066],[-81.763,37.5026],[-81.7762,37.5051],[-81.7799,37.501],[-81.7929,37.5035],[-81.7952,37.5097],[-81.8179,37.5066],[-81.829,37.5137],[-81.8233,37.5227],[-81.8246,37.5338],[-81.8346,37.5361],[-81.8427,37.549],[-81.8559,37.5489],[-81.8694,37.5378],[-81.8832,37.5381],[-81.8938,37.5251],[-81.9094,37.527],[-81.9223,37.5121],[-81.9412,37.5095],[-81.9439,37.5029],[-81.9531,37.5013],[-81.9533,37.4918],[-81.965,37.4935],[-81.9776,37.4846],[-81.9909,37.4844],[-81.9965,37.4769],[-81.9923,37.4609],[-81.9876,37.4587],[-81.987,37.4549],[-81.9762,37.4572],[-81.9688,37.4515],[-81.9704,37.4477],[-81.9576,37.4491],[-81.9491,37.4456],[-81.9458,37.4402],[-81.9356,37.4384],[-81.9356,37.432],[-81.9406,37.4291],[-81.9389,37.422],[-81.9325,37.4152],[-81.923,37.4114],[-81.9243,37.4073],[-81.93,37.4053],[-81.9288,37.3938],[-81.9339,37.3907],[-81.9318,37.3855],[-81.9367,37.3807],[-81.9311,37.3758],[-81.9334,37.3693],[-81.926,37.3655],[-81.9285,37.3605],[-81.9218,37.3571],[-81.9177,37.3492],[-81.9102,37.349],[-81.9072,37.3426],[-81.8996,37.3416],[-81.8973,37.3325],[-81.8936,37.3298],[-81.8777,37.3317],[-81.8783,37.3288],[-81.874,37.3276],[-81.8725,37.3224],[-81.8603,37.3157],[-81.8657,37.3095],[-81.8596,37.3048],[-81.8545,37.3066],[-81.8536,37.2877],[-81.8468,37.2846],[-81.8344,37.2854],[-81.8345,37.2818],[-81.8258,37.2791],[-81.8033,37.2859],[-81.7936,37.2848],[-81.7931,37.2812],[-81.7893,37.2844],[-81.7824,37.2823],[-81.7732,37.2739],[-81.7571,37.2761],[-81.7576,37.2686],[-81.7461,37.2637],[-81.7457,37.2581],[-81.7409,37.2543],[-81.7444,37.2433],[-81.7401,37.2378],[-81.7231,37.2405],[-81.7162,37.2343],[-81.7157,37.2288],[-81.6993,37.2199],[-81.6951,37.2136],[-81.6836,37.2116],[-81.6833,37.2056],[-81.6782,37.2015],[-81.556,37.2075],[-81.5456,37.2202],[-81.5076,37.2337],[-81.5065,37.2452],[-81.4991,37.258]]]},"properties":{"NAME":"McDowell County","GEOID":"54047"}},{"type":"Feature","geometry":{"type":"Polygon","coordinates":[[[-80.2023,39.3384],[-80.2023,39.3735],[-80.1989,39.3757],[-80.2029,39.3765],[-80.2051,39.3819],[-80.2039,39.3853],[-80.2004,39.3851],[-80.2027,39.3901],[-80.1973,39.3932],[-80.2825,39.4357],[-80.2898,39.4322],[-80.2908,39.4358],[-80.4941,39.4696],[-80.494,39.4611],[-80.5141,39.4578],[-80.5194,39.4464],[-80.5193,39.439],[-80.5156,39.4377],[-80.5186,39.435],[-80.5447,39.4286],[-80.5437,39.4232],[-80.5379,39.4225],[-80.5376,39.4197],[-80.5391,39.4103],[-80.5477,39.4037],[-80.5474,39.3966],[-80.5382,39.3867],[-80.5428,39.3813],[-80.54,39.3734],[-80.5444,39.3677],[-80.5326,39.3612],[-80.5335,39.355],[-80.5448,39.3518],[-80.5456,39.3452],[-80.5573,39.3371],[-80.5564,39.3345],[-80.564,39.327],[-80.5651,39.3199],[-80.576,39.3153],[-80.5824,39.3164],[-80.5862,39.3035],[-80.5926,39.3038],[-80.6037,39.291],[-80.6025,39.284],[-80.5964,39.2862],[-80.5778,39.2822],[-80.5799,39.2777],[-80.5775,39.2763],[-80.5881,39.267],[-80.5874,39.2611],[-80.5471,39.2348],[-80.5477,39.2289],[-80.5515,39.2267],[-80.5608,39.2325],[-80.5654,39.2314],[-80.5681,39.2281],[-80.5662,39.221],[-80.5577,39.2185],[-80.5544,39.2142],[-80.5461,39.2165],[-80.5293,39.212],[-80.5256,39.209],[-80.5277,39.203],[-80.5324,39.2007],[-80.5283,39.1964],[-80.5382,39.1954],[-80.5411,39.1898],[-80.5479,39.1866],[-80.5511,39.1864],[-80.5544,39.1922],[-80.5584,39.1897],[-80.5615,39.1787],[-80.5756,39.1752],[-80.5918,39.1827],[-80.5897,39.1713],[-80.5961,39.1671],[-80.5778,39.1677],[-80.5624,39.1605],[-80.551,39.1596],[-80.5462,39.1514],[-80.5362,39.1475],[-80.5183,39.1459],[-80.5074,39.1494],[-80.494,39.1457],[-80.4868,39.1486],[-80.4802,39.1446],[-80.4733,39.1471],[-80.4585,39.1393],[-80.4544,39.1411],[-80.4547,39.1389],[-80.3013,39.104],[-80.2488,39.1008],[-80.2404,39.1131],[-80.2272,39.1128],[-80.2247,39.171],[-80.1664,39.2423],[-80.1876,39.2671],[-80.1995,39.2707],[-80.2025,39.2783],[-80.2023,39.3384]]]},"properties":{"NAME":"Harrison County","GEOID":"54033"}},{"type":"Feature","geometry":{"type":"Polygon","coordinates":[[[-80.3107,39.0411],[-80.318,39.0134],[-80.3345,38.9966],[-80.3257,38.9743],[-80.3199,38.9695],[-80.3175,38.9586],[-80.3296,38.9546],[-80.3357,38.9462],[-80.3486,38.9396],[-80.3396,38.9377],[-80.3384,38.9349],[-80.3498,38.9205],[-80.3481,38.9157],[-80.3547,38.913],[-80.3556,38.9082],[-80.3625,38.9067],[-80.3608,38.9013],[-80.3678,38.8946],[-80.3678,38.8866],[-80.3793,38.8877],[-80.3843,38.8848],[-80.3818,38.8815],[-80.387,38.8748],[-80.4095,38.7683],[-80.3931,38.7276],[-80.3679,38.7333],[-80.3532,38.7306],[-80.3472,38.7271],[-80.3449,38.7203],[-80.3333,38.72],[-80.3306,38.717],[-80.3336,38.7116],[-80.3318,38.702],[-80.3201,38.6934],[-80.32,38.6851],[-80.3115,38.684],[-80.2801,38.6949],[-80.2368,38.7438],[-80.1261,38.7458],[-80.0984,38.8405],[-80.1094,38.8973],[-80.1028,38.9002],[-80.1015,38.9086],[-80.0933,38.9102],[-80.0905,38.9142],[-80.0884,38.924],[-80.0973,38.928],[-80.0875,38.9343],[-80.0903,38.9401],[-80.0819,38.9454],[-80.0852,38.9484],[-80.0812,38.9514],[-80.0735,38.9509],[-80.0639,38.9582],[-80.0638,38.9617],[-80.0729,38.9642],[-80.0725,38.9685],[-80.0675,38.9669],[-80.0617,38.9751],[-80.0527,38.9752],[-80.0517,38.9939],[-80.0469,38.9967],[-80.0547,39.0017],[-80.0549,39.0053],[-80.0444,39.0109],[-80.0591,39.022],[-80.0538,39.029],[-80.0561,39.0373],[-80.061,39.0342],[-80.0671,39.038],[-80.1282,39.0378],[-80.1443,39.0568],[-80.1518,39.0716],[-80.1678,39.0876],[-80.1996,39.0986],[-80.2095,39.0974],[-80.2161,39.1067],[-80.2287,39.1144],[-80.2404,39.1131],[-80.2488,39.1008],[-80.3002,39.1039],[-80.3051,39.0615],[-80.3107,39.0411]]]},"properties":{"NAME":"Upshur County","GEOID":"54097"}},{"type":"Feature","geometry":{"type":"Polygon","coordinates":[[[-79.5375,38.5513],[-79.532,38.5424],[-79.5215,38.5341],[-79.4766,38.4572],[-79.3123,38.4119],[-79.2907,38.421],[-79.2829,38.4181],[-79.2797,38.4237],[-79.2828,38.4317],[-79.2673,38.4383],[-79.2545,38.4559],[-79.2427,38.4542],[-79.2399,38.4701],[-79.2257,38.4765],[-79.2191,38.4874],[-79.2106,38.4929],[-79.207,38.5035],[-79.211,38.508],[-79.2059,38.5245],[-79.1841,38.5515],[-79.1767,38.5655],[-79.171,38.5681],[-79.1709,38.5741],[-79.1583,38.5931],[-79.1593,38.6009],[-79.1544,38.6065],[-79.1515,38.6202],[-79.1376,38.638],[-79.1298,38.655],[-79.1205,38.6602],[-79.1064,38.6562],[-79.0928,38.6598],[-79.0922,38.6681],[-79.0843,38.6865],[-79.0908,38.6925],[-79.093,38.7017],[-79.0873,38.7201],[-79.0724,38.7478],[-79.0573,38.7614],[-79.3499,38.9575],[-79.3548,38.953],[-79.3569,38.943],[-79.3665,38.9315],[-79.368,38.9248],[-79.3749,38.9208],[-79.4157,38.923],[-79.4243,38.9291],[-79.4425,38.9326],[-79.4555,38.9299],[-79.4557,38.9186],[-79.4445,38.8986],[-79.4749,38.8916],[-79.4829,38.8863],[-79.5057,38.8935],[-79.5197,38.892],[-79.5186,38.8844],[-79.5101,38.8758],[-79.5127,38.8672],[-79.5391,38.8414],[-79.5232,38.8302],[-79.5291,38.823],[-79.5272,38.8142],[-79.5077,38.8005],[-79.506,38.7937],[-79.5101,38.7807],[-79.5158,38.7794],[-79.5343,38.7477],[-79.5432,38.7465],[-79.5454,38.7372],[-79.5569,38.7312],[-79.5643,38.7132],[-79.571,38.7136],[-79.577,38.7019],[-79.587,38.6947],[-79.5882,38.6895],[-79.5977,38.6876],[-79.5971,38.6829],[-79.6015,38.6787],[-79.594,38.6658],[-79.5956,38.6631],[-79.6231,38.6688],[-79.6259,38.6667],[-79.6261,38.6625],[-79.6179,38.6584],[-79.6343,38.6363],[-79.63,38.6344],[-79.6281,38.6265],[-79.6193,38.6204],[-79.6277,38.6118],[-79.6271,38.6079],[-79.643,38.6028],[-79.6436,38.5977],[-79.6499,38.5934],[-79.5718,38.5631],[-79.5555,38.5602],[-79.5375,38.5513]]]},"properties":{"NAME":"Pendleton County","GEOID":"54071"}},{"type":"Feature","geometry":{"type":"Polygon","coordinates":[[[-80.945,37.8192],[-80.9263,37.8097],[-80.9214,37.7934],[-80.8946,37.7746],[-80.8943,37.7668],[-80.9009,37.7578],[-80.918,37.7519],[-80.9236,37.7436],[-80.9174,37.7374],[-80.8969,37.7277],[-80.8918,37.7181],[-80.89,37.7015],[-80.8779,37.6921],[-80.8795,37.6827],[-80.8931,37.6771],[-80.8946,37.6724],[-80.9002,37.6757],[-80.8978,37.69],[-80.9087,37.7004],[-80.929,37.7053],[-80.9314,37.7109],[-80.9452,37.7153],[-80.9619,37.712],[-80.9767,37.7149],[-80.9803,37.7064],[-80.9726,37.699],[-80.9742,37.6961],[-80.9842,37.6941],[-80.9891,37.6856],[-81.0052,37.6791],[-81.0075,37.6732],[-81.0217,37.6696],[-81.0294,37.6621],[-81.0276,37.6586],[-81.0687,37.6405],[-81.0653,37.6359],[-81.0743,37.6318],[-81.0692,37.6288],[-81.0642,37.6113],[-81.0771,37.5997],[-81.0874,37.598],[-81.0946,37.5887],[-80.8585,37.4283],[-80.7985,37.5221],[-80.7481,37.5876],[-80.6609,37.7137],[-80.6682,37.763],[-80.7514,37.8358],[-80.8063,37.8689],[-80.945,37.8192]]]},"properties":{"NAME":"Summers County","GEOID":"54089"}},{"type":"Feature","geometry":{"type":"Polygon","coordinates":[[[-77.9309,39.3812],[-77.8471,39.4466],[-77.8437,39.4588],[-77.8394,39.4607],[-77.8386,39.4709],[-77.8251,39.4932],[-77.8454,39.4981],[-77.8478,39.5018],[-77.8262,39.5163],[-77.825,39.5287],[-77.837,39.5321],[-77.8406,39.5291],[-77.8419,39.5184],[-77.8612,39.5143],[-77.8661,39.5184],[-77.8653,39.5384],[-77.8888,39.5556],[-77.8869,39.56],[-77.8785,39.5634],[-77.8361,39.5667],[-77.8297,39.5911],[-77.8322,39.6014],[-77.8378,39.6059],[-77.8639,39.6088],[-77.8849,39.6158],[-77.887,39.6136],[-77.8812,39.6064],[-77.8812,39.601],[-77.892,39.5978],[-77.9227,39.6047],[-77.9328,39.6176],[-77.9411,39.619],[-77.9448,39.6156],[-77.9361,39.6099],[-77.9358,39.5985],[-77.9384,39.5879],[-77.9443,39.5845],[-77.9505,39.5884],[-77.9506,39.6038],[-77.955,39.6081],[-77.9672,39.6071],[-77.9772,39.5997],[-78.0035,39.6007],[-78.0111,39.6039],[-78.0221,39.6197],[-78.0342,39.6208],[-78.037,39.6138],[-78.0436,39.6129],[-78.059,39.5984],[-78.0787,39.5999],[-78.0853,39.5973],[-78.0931,39.5826],[-78.1092,39.5874],[-78.116,39.5939],[-78.1389,39.5938],[-78.1739,39.5214],[-78.2,39.4412],[-78.2289,39.3915],[-78.0332,39.2646],[-78.0335,39.2681],[-78.026,39.2726],[-78.0353,39.2787],[-78.0262,39.2802],[-78.0272,39.2884],[-78.0203,39.2881],[-78.0059,39.3068],[-77.9974,39.3105],[-77.988,39.3203],[-77.996,39.326],[-77.9879,39.3256],[-77.9882,39.3319],[-77.9769,39.3401],[-77.9816,39.3493],[-77.9739,39.3497],[-77.9666,39.3459],[-77.9652,39.3523],[-77.9685,39.3574],[-77.9619,39.3596],[-77.9671,39.367],[-77.9583,39.3671],[-77.9513,39.3723],[-77.9439,39.3727],[-77.9428,39.3748],[-77.9485,39.378],[-77.9468,39.3806],[-77.9309,39.3812]]]},"properties":{"NAME":"Berkeley County","GEOID":"54003"}},{"type":"Feature","geometry":{"type":"Polygon","coordinates":[[[-82.2205,38.3108],[-82.2034,38.3084],[-82.1975,38.3107],[-82.1968,38.3228],[-82.1831,38.3297],[-82.1776,38.3398],[-82.1685,38.3353],[-82.1451,38.343],[-82.1289,38.3432],[-82.1255,38.3468],[-82.117,38.3442],[-82.1103,38.3585],[-82.1026,38.3571],[-82.1036,38.3618],[-82.0974,38.3674],[-82.0791,38.3688],[-82.0647,38.3768],[-82.058,38.3731],[-82.0471,38.3744],[-82.0551,38.4745],[-82.219,38.5917],[-82.2467,38.5986],[-82.2621,38.5982],[-82.2743,38.5937],[-82.2913,38.579],[-82.2957,38.5385],[-82.304,38.5177],[-82.3042,38.4963],[-82.3181,38.4579],[-82.3303,38.4445],[-82.3818,38.4348],[-82.4049,38.4393],[-82.5083,38.4112],[-82.3439,38.3052],[-82.3294,38.3134],[-82.3303,38.324],[-82.3223,38.3247],[-82.3213,38.3276],[-82.3173,38.3263],[-82.3144,38.3314],[-82.2987,38.3284],[-82.2996,38.325],[-82.2924,38.3205],[-82.2866,38.3215],[-82.289,38.314],[-82.2788,38.3111],[-82.2762,38.3039],[-82.2844,38.3013],[-82.2926,38.3041],[-82.3028,38.299],[-82.3056,38.2952],[-82.3026,38.2876],[-82.3068,38.2859],[-82.3134,38.2681],[-82.3089,38.264],[-82.3114,38.2562],[-82.3001,38.2455],[-82.2994,38.24],[-82.2826,38.2306],[-82.2748,38.228],[-82.2698,38.2318],[-82.2633,38.2297],[-82.2615,38.2342],[-82.2574,38.235],[-82.2606,38.2396],[-82.26,38.2462],[-82.2523,38.2521],[-82.2489,38.2494],[-82.2452,38.2541],[-82.2478,38.2619],[-82.2434,38.2696],[-82.216,38.2807],[-82.2076,38.2887],[-82.212,38.2912],[-82.2065,38.3018],[-82.21,38.3027],[-82.2116,38.3077],[-82.2205,38.3108]]]},"properties":{"NAME":"Cabell County","GEOID":"54011"}},{"type":"Feature","geometry":{"type":"Polygon","coordinates":[[[-78.917,39.4862],[-78.9343,39.4863],[-78.9423,39.481],[-78.9385,39.4746],[-78.9401,39.4714],[-78.9461,39.4663],[-78.959,39.4627],[-78.9543,39.4547],[-78.9605,39.451],[-78.956,39.4478],[-78.9556,39.4413],[-78.9649,39.4383],[-78.9777,39.4483],[-79.0109,39.4611],[-79.018,39.4677],[-79.0309,39.4653],[-79.037,39.4767],[-79.047,39.4833],[-79.0527,39.4817],[-79.0569,39.4707],[-79.061,39.4719],[-79.0663,39.48],[-79.0693,39.474],[-79.083,39.4715],[-79.1024,39.4764],[-79.1055,39.4739],[-79.1044,39.4708],[-79.0945,39.4648],[-79.1079,39.4612],[-79.1083,39.4571],[-79.1018,39.4572],[-79.1028,39.4505],[-79.1169,39.4389],[-79.1108,39.4319],[-79.124,39.4332],[-79.129,39.4295],[-79.1274,39.4182],[-79.1418,39.4171],[-79.1411,39.4087],[-79.1438,39.4052],[-79.15,39.4061],[-79.1512,39.417],[-79.1595,39.417],[-79.1594,39.4095],[-79.1667,39.4009],[-79.1615,39.3909],[-79.1629,39.3878],[-79.1792,39.3965],[-79.1811,39.3944],[-79.177,39.389],[-79.1856,39.3852],[-79.1977,39.3884],[-79.2024,39.3788],[-79.2126,39.3702],[-79.2143,39.3635],[-79.231,39.3649],[-79.235,39.3587],[-79.2426,39.3594],[-79.2506,39.3555],[-79.2565,39.3571],[-79.2535,39.3479],[-79.2574,39.3419],[-79.2538,39.3371],[-79.2602,39.3343],[-79.2687,39.3362],[-79.2717,39.328],[-79.2382,39.3221],[-79.1345,39.3125],[-78.9799,39.2376],[-78.9567,39.2627],[-78.9461,39.2649],[-78.9266,39.2789],[-78.919,39.297],[-78.8968,39.3138],[-78.8837,39.3284],[-78.8811,39.3258],[-78.8669,39.3259],[-78.8509,39.3309],[-78.8413,39.3516],[-78.8342,39.3523],[-78.8208,39.3694],[-78.8107,39.3766],[-78.7938,39.4046],[-78.7896,39.4246],[-78.7785,39.4336],[-78.7735,39.4429],[-78.7666,39.4475],[-78.7576,39.4436],[-78.7497,39.4553],[-78.7393,39.4572],[-78.7368,39.4639],[-78.7298,39.4632],[-78.7036,39.4975],[-78.6904,39.5028],[-78.6571,39.5351],[-78.6896,39.5458],[-78.6947,39.5537],[-78.7075,39.5558],[-78.7132,39.5623],[-78.7246,39.5639],[-78.7316,39.5746],[-78.7335,39.5865],[-78.7402,39.5864],[-78.7463,39.5798],[-78.757,39.5808],[-78.7671,39.5875],[-78.7703,39.595],[-78.7781,39.6015],[-78.7768,39.6041],[-78.7552,39.6104],[-78.747,39.6056],[-78.7331,39.6147],[-78.7368,39.6222],[-78.7468,39.6267],[-78.7634,39.6188],[-78.778,39.6223],[-78.7726,39.6369],[-78.7648,39.6447],[-78.7664,39.6484],[-78.776,39.6453],[-78.7812,39.6368],[-78.7953,39.6368],[-78.7975,39.6293],[-78.8016,39.6277],[-78.7958,39.6134],[-78.7965,39.6059],[-78.809,39.6082],[-78.8119,39.598],[-78.8184,39.5941],[-78.8193,39.5899],[-78.8257,39.5892],[-78.8262,39.5773],[-78.8199,39.5763],[-78.8149,39.5713],[-78.8132,39.5672],[-78.8158,39.5629],[-78.8219,39.5606],[-78.8383,39.5672],[-78.8503,39.5607],[-78.8535,39.5493],[-78.8614,39.541],[-78.8707,39.5388],[-78.8694,39.5318],[-78.8751,39.5227],[-78.8919,39.5248],[-78.8924,39.5133],[-78.9055,39.5115],[-78.9043,39.5036],[-78.917,39.4862]]]},"properties":{"NAME":"Mineral County","GEOID":"54057"}},{"type":"Feature","geometry":{"type":"Polygon","coordinates":[[[-79.0895,39.0383],[-79.0729,39.0652],[-79.0779,39.0722],[-79.0684,39.0761],[-79.066,39.0871],[-79.0574,39.0909],[-79.051,39.1005],[-79.0543,39.1014],[-79.053,39.1045],[-79.0371,39.1193],[-79.0389,39.1304],[-79.0288,39.1418],[-79.0346,39.1442],[-79.0361,39.15],[-79.0273,39.1595],[-79.0244,39.1693],[-79.0163,39.1752],[-79.0016,39.1952],[-79.0028,39.1995],[-78.9976,39.2055],[-78.9971,39.2129],[-78.9799,39.2376],[-79.1345,39.3125],[-79.2746,39.3276],[-79.2825,39.3228],[-79.2839,39.3098],[-79.2904,39.2995],[-79.3034,39.2996],[-79.3139,39.3047],[-79.3213,39.3],[-79.3326,39.3001],[-79.3404,39.2937],[-79.346,39.294],[-79.3449,39.285],[-79.3513,39.2851],[-79.3523,39.2802],[-79.3575,39.2763],[-79.376,39.2732],[-79.3819,39.2669],[-79.3873,39.2678],[-79.3874,39.2635],[-79.3933,39.2616],[-79.4122,39.2402],[-79.4203,39.2389],[-79.4207,39.2354],[-79.4252,39.2345],[-79.4257,39.2253],[-79.433,39.2239],[-79.4533,39.2105],[-79.4674,39.2088],[-79.4729,39.2021],[-79.4869,39.2059],[-79.4862,39.1916],[-79.4675,39.1788],[-79.463,39.1822],[-79.4435,39.1854],[-79.4422,39.1917],[-79.4351,39.1918],[-79.4288,39.1867],[-79.4234,39.1911],[-79.4144,39.1887],[-79.4009,39.1903],[-79.3929,39.1929],[-79.3901,39.1999],[-79.3821,39.2002],[-79.3816,39.2042],[-79.3703,39.2038],[-79.3651,39.1994],[-79.3574,39.2081],[-79.3485,39.207],[-79.3437,39.2142],[-79.3332,39.2148],[-79.3235,39.208],[-79.3177,39.2124],[-79.3095,39.211],[-79.2967,39.1984],[-79.2895,39.1886],[-79.2968,39.1885],[-79.3082,39.1823],[-79.313,39.1774],[-79.312,39.1698],[-79.3222,39.1641],[-79.3318,39.1478],[-79.3266,39.1328],[-79.336,39.1272],[-79.3313,39.1188],[-79.3456,39.1092],[-79.3495,39.0989],[-79.3482,39.0937],[-79.3555,39.0865],[-79.3341,39.0827],[-79.3274,39.0738],[-79.3147,39.0702],[-79.3066,39.077],[-79.2982,39.0732],[-79.3024,39.0638],[-79.3038,39.047],[-79.3179,39.0372],[-79.3107,39.0315],[-79.311,39.0247],[-79.3123,39.0192],[-79.3204,39.0122],[-79.3198,39.0018],[-79.329,38.9953],[-79.3305,38.9826],[-79.3416,38.9688],[-79.3577,38.9645],[-79.3221,38.9378],[-79.1343,38.8133],[-79.083,38.8693],[-79.0808,38.877],[-79.085,38.8804],[-79.0861,38.8939],[-79.0745,38.8986],[-79.046,38.9287],[-79.0826,39.0021],[-79.0827,39.0161],[-79.0778,39.0218],[-79.0895,39.0383]]]},"properties":{"NAME":"Grant County","GEOID":"54023"}},{"type":"Feature","geometry":{"type":"Polygon","coordinates":[[[-78.9799,39.2376],[-78.899,39.1989],[-78.8422,39.1843],[-78.733,39.1499],[-78.6914,39.1466],[-78.6697,39.1369],[-78.6667,39.1296],[-78.6569,39.1257],[-78.6399,39.127],[-78.6236,39.1185],[-78.6023,39.1404],[-78.5613,39.1314],[-78.5505,39.1242],[-78.5482,39.1192],[-78.5383,39.1152],[-78.5367,39.1087],[-78.5295,39.1073],[-78.5217,39.0975],[-78.5161,39.0967],[-78.5169,39.0928],[-78.5081,39.0886],[-78.4843,39.1074],[-78.4784,39.1098],[-78.4754,39.1075],[-78.4599,39.1134],[-78.4394,39.1321],[-78.4367,39.1417],[-78.4273,39.1527],[-78.4139,39.1584],[-78.4037,39.1675],[-78.4148,39.1778],[-78.4189,39.1774],[-78.4263,39.1828],[-78.4287,39.1872],[-78.4249,39.1933],[-78.4387,39.1981],[-78.4056,39.2312],[-78.4042,39.2412],[-78.3997,39.2439],[-78.4194,39.2575],[-78.4028,39.2755],[-78.4029,39.2786],[-78.3934,39.283],[-78.3859,39.2949],[-78.3672,39.3101],[-78.3641,39.3188],[-78.36,39.3178],[-78.3463,39.3391],[-78.3474,39.3434],[-78.3393,39.3486],[-78.3404,39.3536],[-78.3669,39.3593],[-78.3432,39.3888],[-78.3509,39.391],[-78.3494,39.3973],[-78.3599,39.409],[-78.3569,39.4169],[-78.3467,39.4276],[-78.3532,39.4368],[-78.3465,39.4426],[-78.3451,39.4595],[-78.3498,39.4618],[-78.3471,39.466],[-78.3986,39.4837],[-78.4683,39.5166],[-78.4836,39.5195],[-78.5033,39.5186],[-78.5231,39.5249],[-78.5661,39.5194],[-78.5786,39.5267],[-78.5876,39.5277],[-78.5921,39.5315],[-78.59,39.5358],[-78.5921,39.537],[-78.6026,39.532],[-78.6231,39.5397],[-78.6579,39.535],[-78.6904,39.5028],[-78.7036,39.4975],[-78.7298,39.4632],[-78.7368,39.4639],[-78.7393,39.4572],[-78.7497,39.4553],[-78.7576,39.4436],[-78.7666,39.4475],[-78.7735,39.4429],[-78.7785,39.4336],[-78.7896,39.4246],[-78.7938,39.4046],[-78.8107,39.3766],[-78.8208,39.3694],[-78.8342,39.3523],[-78.8413,39.3516],[-78.8509,39.3309],[-78.8669,39.3259],[-78.8811,39.3258],[-78.8837,39.3284],[-78.8968,39.3138],[-78.919,39.297],[-78.9266,39.2789],[-78.9461,39.2649],[-78.9567,39.2627],[-78.9799,39.2376]]]},"properties":{"NAME":"Hampshire County","GEOID":"54027"}},{"type":"Feature","geometry":{"type":"Polygon","coordinates":[[[-79.8268,39.1048],[-79.824,39.1086],[-79.8252,39.1162],[-79.8309,39.1194],[-79.8286,39.125],[-79.8362,39.1271],[-79.8381,39.131],[-79.833,39.1432],[-79.833,39.1542],[-79.8275,39.1604],[-79.8286,39.178],[-79.8222,39.1865],[-79.8268,39.1948],[-79.8201,39.1992],[-79.8142,39.2094],[-79.8167,39.2186],[-79.8089,39.2238],[-79.8093,39.2358],[-79.8189,39.2405],[-79.8363,39.2409],[-79.8503,39.2466],[-79.8534,39.2503],[-79.8509,39.2568],[-79.8542,39.2642],[-79.8524,39.2699],[-79.8601,39.2754],[-79.8585,39.2804],[-79.8722,39.2947],[-79.8868,39.2979],[-79.8887,39.3029],[-79.8929,39.2989],[-79.905,39.303],[-79.9086,39.2993],[-79.9079,39.2893],[-79.9123,39.2896],[-79.916,39.2947],[-79.925,39.289],[-79.9323,39.2895],[-79.936,39.2968],[-79.9426,39.2965],[-79.9423,39.2902],[-79.95,39.282],[-79.9561,39.282],[-79.9611,39.2688],[-80.0234,39.2479],[-80.15,39.2383],[-80.1664,39.2423],[-80.2247,39.171],[-80.2272,39.1128],[-80.2161,39.1067],[-80.2095,39.0974],[-80.1996,39.0986],[-80.1678,39.0876],[-80.1518,39.0716],[-80.1443,39.0568],[-80.1282,39.0378],[-80.0671,39.038],[-80.061,39.0342],[-80.0552,39.0365],[-80.054,39.028],[-80.0591,39.022],[-80.0444,39.0109],[-80.0549,39.0053],[-80.0547,39.0017],[-80.0469,38.9967],[-80.0517,38.9939],[-80.0527,38.9752],[-80.0617,38.9751],[-80.0675,38.9669],[-80.0725,38.9685],[-80.0729,38.9642],[-80.0638,38.9617],[-80.0639,38.9582],[-80.0735,38.9509],[-80.0812,38.9514],[-80.0851,38.9472],[-79.896,38.9734],[-79.8874,38.9949],[-79.8873,39.0032],[-79.8728,39.0344],[-79.8659,39.0634],[-79.8606,39.0685],[-79.8632,39.0727],[-79.8496,39.0949],[-79.8381,39.0951],[-79.8268,39.1048]]]},"properties":{"NAME":"Barbour County","GEOID":"54001"}},{"type":"Feature","geometry":{"type":"Polygon","coordinates":[[[-80.7422,40.0061],[-80.7389,39.9856],[-80.7401,39.9708],[-80.7579,39.9597],[-80.7643,39.95],[-80.7561,39.9134],[-80.7634,39.9086],[-80.7941,39.9196],[-80.8073,39.9156],[-80.809,39.9033],[-80.794,39.8828],[-80.7908,39.8673],[-80.7999,39.8589],[-80.8243,39.8472],[-80.827,39.8417],[-80.8222,39.8117],[-80.8251,39.8009],[-80.8353,39.7907],[-80.8663,39.7717],[-80.8703,39.7632],[-80.8653,39.7533],[-80.8527,39.741],[-80.846,39.7387],[-80.8335,39.7208],[-80.5193,39.7214],[-80.5191,40.0164],[-80.7339,40.0333],[-80.7422,40.0061]]]},"properties":{"NAME":"Marshall County","GEOID":"54051"}},{"type":"Feature","geometry":{"type":"Polygon","coordinates":[[[-81.8142,39.0735],[-81.8118,39.0599],[-81.8034,39.0477],[-81.7729,39.0262],[-81.7643,39.0153],[-81.7652,39.0026],[-81.7741,38.9937],[-81.7818,38.9649],[-81.7788,38.9559],[-81.757,38.9372],[-81.7585,38.9279],[-81.7662,38.9229],[-81.7777,38.9239],[-81.7934,38.9302],[-81.8142,38.9462],[-81.8274,38.9459],[-81.8445,38.9287],[-81.8453,38.9101],[-81.8487,38.9014],[-81.8589,38.8902],[-81.8892,38.8743],[-81.9086,38.8785],[-81.9106,38.876],[-81.9029,38.8633],[-81.7913,38.7331],[-81.8135,38.7148],[-81.7728,38.6808],[-81.7477,38.6841],[-81.6437,38.567],[-81.6352,38.5638],[-81.6328,38.5544],[-81.5782,38.5771],[-81.5222,38.6127],[-81.5466,38.6724],[-81.5292,38.7483],[-81.5214,38.824],[-81.5302,38.8948],[-81.5268,38.902],[-81.5115,38.9043],[-81.5082,38.9086],[-81.5096,38.9123],[-81.5026,38.9179],[-81.5129,38.9188],[-81.5144,38.9251],[-81.5198,38.9248],[-81.5162,38.9308],[-81.5206,38.9337],[-81.5194,38.9361],[-81.5338,38.9459],[-81.5388,38.9447],[-81.5412,38.9529],[-81.55,38.9602],[-81.5499,38.9663],[-81.5453,38.9715],[-81.5296,38.9775],[-81.5294,38.9822],[-81.5372,38.9902],[-81.5322,39.0058],[-81.7473,39.0954],[-81.7608,39.0841],[-81.7756,39.0784],[-81.8107,39.0833],[-81.8142,39.0735]]]},"properties":{"NAME":"Jackson County","GEOID":"54035"}},{"type":"Feature","geometry":{"type":"Polygon","coordinates":[[[-79.4476,39.1842],[-79.4678,39.1789],[-79.4846,39.1896],[-79.5076,39.2162],[-79.6873,39.2714],[-79.8101,39.2303],[-79.809,39.2236],[-79.8167,39.2186],[-79.8142,39.2094],[-79.8201,39.1992],[-79.8268,39.1948],[-79.8222,39.1865],[-79.8286,39.178],[-79.8275,39.1604],[-79.833,39.1542],[-79.833,39.1432],[-79.8381,39.131],[-79.8362,39.1271],[-79.8292,39.1258],[-79.8309,39.1194],[-79.8251,39.1158],[-79.8212,39.1183],[-79.816,39.1125],[-79.7994,39.108],[-79.7796,39.0844],[-79.7753,39.0766],[-79.7765,39.0662],[-79.774,39.0631],[-79.7792,39.0558],[-79.777,39.0465],[-79.7857,39.0374],[-79.5088,38.9752],[-79.5038,38.9699],[-79.4956,38.9774],[-79.4877,38.9749],[-79.4732,38.978],[-79.4494,38.9741],[-79.4345,38.9764],[-79.4209,38.9717],[-79.4087,38.9738],[-79.3793,38.9658],[-79.3645,38.9671],[-79.356,38.9645],[-79.3427,38.9681],[-79.3305,38.9826],[-79.3288,38.9957],[-79.3198,39.0018],[-79.3204,39.0122],[-79.3123,39.0192],[-79.3102,39.0303],[-79.3179,39.0372],[-79.3038,39.047],[-79.3024,39.0638],[-79.2982,39.0732],[-79.3066,39.077],[-79.3147,39.0702],[-79.3274,39.0738],[-79.3341,39.0827],[-79.3555,39.0865],[-79.3482,39.0937],[-79.3495,39.0989],[-79.3456,39.1092],[-79.3313,39.1188],[-79.336,39.1272],[-79.3266,39.1328],[-79.3318,39.1478],[-79.3222,39.1641],[-79.312,39.1698],[-79.313,39.1774],[-79.3086,39.182],[-79.2893,39.1897],[-79.3095,39.211],[-79.3177,39.2124],[-79.3235,39.208],[-79.3346,39.2148],[-79.3451,39.2138],[-79.3485,39.207],[-79.3574,39.2081],[-79.3651,39.1994],[-79.3703,39.2038],[-79.3816,39.2042],[-79.3821,39.2002],[-79.3901,39.1999],[-79.3929,39.1929],[-79.4009,39.1903],[-79.4144,39.1887],[-79.4234,39.1911],[-79.4288,39.1867],[-79.4351,39.1918],[-79.4422,39.1917],[-79.4428,39.186],[-79.4476,39.1842]]]},"properties":{"NAME":"Tucker County","GEOID":"54093"}},{"type":"Feature","geometry":{"type":"Polygon","coordinates":[[[-81.2038,38.7745],[-81.2123,38.78],[-81.207,38.7823],[-81.2079,38.7849],[-81.2203,38.7848],[-81.2231,38.7871],[-81.2191,38.7895],[-81.2276,38.7928],[-81.2177,38.7986],[-81.2259,38.8041],[-81.2222,38.8056],[-81.2208,38.811],[-81.227,38.8138],[-81.2208,38.8177],[-81.2246,38.8255],[-81.2199,38.8276],[-81.2152,38.8245],[-81.215,38.8309],[-81.2191,38.834],[-81.2208,38.8436],[-81.2284,38.8466],[-81.2281,38.8523],[-81.2388,38.8473],[-81.2463,38.8525],[-81.2455,38.8586],[-81.2369,38.8589],[-81.2355,38.8615],[-81.2433,38.8651],[-81.2378,38.8686],[-81.2424,38.8729],[-81.2372,38.8741],[-81.2412,38.8782],[-81.2383,38.8814],[-81.2596,38.8921],[-81.2489,38.8968],[-81.26,38.9014],[-81.2583,38.907],[-81.2629,38.911],[-81.2708,38.9061],[-81.2704,38.9142],[-81.2783,38.9125],[-81.2784,38.9149],[-81.3089,38.9081],[-81.3439,38.8956],[-81.4151,38.9207],[-81.4481,38.9416],[-81.4549,38.9401],[-81.4563,38.9335],[-81.4651,38.9325],[-81.4674,38.9275],[-81.4749,38.9283],[-81.4813,38.9242],[-81.4865,38.9264],[-81.4962,38.9248],[-81.498,38.9197],[-81.5096,38.9123],[-81.5082,38.9086],[-81.5115,38.9043],[-81.5268,38.902],[-81.5302,38.8948],[-81.5214,38.824],[-81.5292,38.7483],[-81.5466,38.6724],[-81.5376,38.6459],[-81.5075,38.5827],[-81.4717,38.5463],[-81.4654,38.5499],[-81.3493,38.5413],[-81.3035,38.5348],[-81.2743,38.5218],[-81.2206,38.5318],[-81.1941,38.5276],[-81.1308,38.5659],[-81.0837,38.612],[-81.0829,38.6189],[-81.0897,38.6284],[-81.0966,38.6286],[-81.0964,38.633],[-81.1017,38.6349],[-81.1021,38.639],[-81.1073,38.6395],[-81.1151,38.6313],[-81.1237,38.6309],[-81.1316,38.6383],[-81.1586,38.644],[-81.1625,38.6522],[-81.1583,38.6584],[-81.1612,38.6621],[-81.1662,38.6608],[-81.1619,38.6728],[-81.1668,38.6745],[-81.1661,38.6767],[-81.1718,38.6759],[-81.174,38.6809],[-81.1713,38.683],[-81.1737,38.6876],[-81.1667,38.6951],[-81.1676,38.7038],[-81.1722,38.7074],[-81.1714,38.7206],[-81.1759,38.7231],[-81.1689,38.7305],[-81.1707,38.7365],[-81.1743,38.7424],[-81.1837,38.7474],[-81.1838,38.7507],[-81.1888,38.7522],[-81.1928,38.7617],[-81.1981,38.7639],[-81.1959,38.7674],[-81.2032,38.7695],[-81.2038,38.7745]]]},"properties":{"NAME":"Roane County","GEOID":"54087"}},{"type":"Feature","geometry":{"type":"Polygon","coordinates":[[[-80.872,39.6369],[-80.8804,39.6207],[-80.8922,39.6168],[-80.9258,39.6174],[-80.9438,39.6069],[-80.886,39.5803],[-80.8522,39.602],[-80.8464,39.6011],[-80.8449,39.597],[-80.8494,39.5928],[-80.8489,39.5892],[-80.8272,39.5763],[-80.83,39.5655],[-80.8219,39.5616],[-80.8232,39.5545],[-80.8067,39.5616],[-80.8022,39.5551],[-80.7943,39.5545],[-80.7828,39.5477],[-80.7809,39.5434],[-80.7847,39.5413],[-80.7841,39.5363],[-80.7693,39.5299],[-80.765,39.5246],[-80.757,39.525],[-80.7537,39.5188],[-80.7408,39.5128],[-80.7418,39.5074],[-80.7376,39.5058],[-80.74,39.502],[-80.7357,39.4996],[-80.7356,39.4911],[-80.7227,39.4911],[-80.7161,39.4755],[-80.6929,39.4738],[-80.686,39.4705],[-80.6802,39.478],[-80.6722,39.4776],[-80.6696,39.4712],[-80.6711,39.4642],[-80.6495,39.4696],[-80.6407,39.4664],[-80.6331,39.4568],[-80.6137,39.4506],[-80.5988,39.441],[-80.5965,39.4497],[-80.5831,39.4514],[-80.5777,39.4448],[-80.5788,39.4345],[-80.5702,39.4362],[-80.5686,39.4395],[-80.5595,39.4393],[-80.5582,39.4329],[-80.5508,39.434],[-80.5445,39.4291],[-80.5186,39.435],[-80.5156,39.4377],[-80.5193,39.439],[-80.5194,39.4464],[-80.5141,39.4578],[-80.494,39.4611],[-80.4925,39.4802],[-80.4837,39.4839],[-80.4782,39.4807],[-80.4718,39.4863],[-80.4735,39.4927],[-80.4674,39.5032],[-80.4859,39.5204],[-80.4863,39.5368],[-80.4908,39.5386],[-80.4946,39.5457],[-80.4937,39.553],[-80.4982,39.5629],[-80.491,39.5702],[-80.4929,39.5757],[-80.4877,39.5764],[-80.4803,39.5834],[-80.4808,39.5947],[-80.4618,39.6014],[-80.4504,39.5961],[-80.4467,39.6044],[-80.4494,39.6127],[-80.4376,39.6142],[-80.4338,39.6203],[-80.4434,39.6295],[-80.4333,39.6391],[-80.4119,39.6414],[-80.4037,39.6318],[-80.3987,39.6332],[-80.3896,39.6446],[-80.3948,39.6531],[-80.4015,39.6555],[-80.3993,39.6603],[-80.4028,39.6675],[-80.3986,39.6692],[-80.4009,39.6749],[-80.3952,39.6805],[-80.3988,39.689],[-80.4058,39.6942],[-80.4068,39.7003],[-80.4031,39.7062],[-80.4052,39.7151],[-80.4074,39.7178],[-80.4139,39.7116],[-80.4197,39.7127],[-80.4214,39.7212],[-80.8335,39.7208],[-80.8298,39.7121],[-80.8339,39.7035],[-80.852,39.6986],[-80.8637,39.6917],[-80.8667,39.6785],[-80.8663,39.6545],[-80.872,39.6369]]]},"properties":{"NAME":"Wetzel County","GEOID":"54103"}},{"type":"Feature","geometry":{"type":"Polygon","coordinates":[[[-79.9772,39.2629],[-79.9611,39.2688],[-79.9561,39.282],[-79.95,39.282],[-79.9423,39.2902],[-79.9426,39.2965],[-79.936,39.2968],[-79.9323,39.2895],[-79.925,39.289],[-79.916,39.2947],[-79.9123,39.2896],[-79.9083,39.2893],[-79.9086,39.2993],[-79.905,39.303],[-79.8953,39.2998],[-79.8947,39.4356],[-79.9389,39.4525],[-80.011,39.4176],[-80.025,39.4014],[-80.0873,39.3862],[-80.0981,39.4025],[-80.1104,39.4102],[-80.1195,39.4014],[-80.1973,39.3932],[-80.2027,39.39],[-80.2004,39.3851],[-80.204,39.3852],[-80.2051,39.3817],[-80.2029,39.3765],[-80.1989,39.3756],[-80.2023,39.3735],[-80.2025,39.2783],[-80.1995,39.2707],[-80.1876,39.2671],[-80.1664,39.2423],[-80.15,39.2383],[-80.0234,39.2479],[-79.9772,39.2629]]]},"properties":{"NAME":"Taylor County","GEOID":"54091"}},{"type":"Feature","geometry":{"type":"Polygon","coordinates":[[[-81.5715,37.9278],[-81.5673,37.9208],[-81.5619,37.9194],[-81.5642,37.9027],[-81.5538,37.8943],[-81.5634,37.8863],[-81.5581,37.8772],[-81.5641,37.8743],[-81.5676,37.8675],[-81.5627,37.8653],[-81.5616,37.8422],[-81.5523,37.8247],[-81.542,37.8289],[-81.5394,37.8247],[-81.5323,37.8258],[-81.5276,37.8209],[-81.5168,37.8186],[-81.5199,37.8156],[-81.5211,37.8001],[-81.5142,37.7912],[-81.51,37.7899],[-81.5064,37.7935],[-81.5003,37.7891],[-81.4929,37.7915],[-81.4892,37.7838],[-81.4785,37.7806],[-81.4647,37.786],[-81.4576,37.784],[-81.4565,37.7783],[-81.4443,37.7639],[-81.4454,37.7614],[-81.4378,37.7531],[-81.4279,37.7501],[-81.3217,37.5978],[-81.3209,37.5914],[-81.3136,37.5873],[-81.3103,37.5766],[-81.3134,37.5746],[-81.3165,37.5601],[-81.3123,37.5577],[-81.3122,37.5534],[-81.3016,37.5454],[-81.285,37.5406],[-81.2774,37.5419],[-81.2751,37.5341],[-81.2699,37.5335],[-81.2642,37.5276],[-81.2531,37.533],[-81.2454,37.5303],[-81.2308,37.5179],[-81.2251,37.5168],[-81.2189,37.5088],[-81.2139,37.5084],[-81.2127,37.5171],[-81.207,37.5247],[-81.2104,37.5306],[-81.204,37.5332],[-81.2,37.5394],[-81.2045,37.5527],[-81.1988,37.5594],[-81.2011,37.5652],[-81.1979,37.5679],[-81.1989,37.5755],[-81.1844,37.5821],[-81.1787,37.5795],[-81.1725,37.5863],[-81.1553,37.5928],[-81.1489,37.5908],[-81.1444,37.5963],[-81.1357,37.5979],[-81.1194,37.5884],[-81.1089,37.5939],[-81.103,37.5896],[-81.0937,37.5887],[-81.0874,37.598],[-81.0771,37.5997],[-81.0642,37.6113],[-81.0692,37.6288],[-81.0743,37.6318],[-81.0653,37.6359],[-81.0687,37.6405],[-81.0276,37.6586],[-81.0294,37.6621],[-81.0217,37.6696],[-81.0075,37.6732],[-81.0052,37.6791],[-80.9891,37.6856],[-80.9842,37.6941],[-80.9742,37.6961],[-80.9726,37.699],[-80.9803,37.7064],[-80.9767,37.7149],[-80.9619,37.712],[-80.9452,37.7153],[-80.9314,37.7109],[-80.929,37.7053],[-80.9087,37.7004],[-80.8978,37.69],[-80.9002,37.6757],[-80.8946,37.6724],[-80.8931,37.6771],[-80.8823,37.6808],[-80.8777,37.6856],[-80.8779,37.6921],[-80.89,37.7015],[-80.8918,37.7181],[-80.8969,37.7277],[-80.9174,37.7374],[-80.9236,37.7436],[-80.918,37.7519],[-80.9009,37.7578],[-80.8943,37.7668],[-80.8946,37.7746],[-80.9214,37.7934],[-80.9254,37.8084],[-80.9356,37.8159],[-80.967,37.8321],[-81.0246,37.8293],[-81.0406,37.8339],[-81.0548,37.834],[-81.0591,37.8408],[-81.049,37.8507],[-81.0511,37.8583],[-81.0901,37.8496],[-81.1004,37.855],[-81.0986,37.86],[-81.0732,37.8604],[-81.0705,37.8661],[-81.0728,37.8737],[-81.2951,37.8893],[-81.3004,37.8935],[-81.2942,37.9067],[-81.2992,37.9144],[-81.3014,37.9272],[-81.3013,37.9335],[-81.2956,37.9388],[-81.2957,37.9429],[-81.3222,37.9523],[-81.3289,37.9608],[-81.3285,37.9667],[-81.3429,37.9698],[-81.347,37.9767],[-81.3863,37.9672],[-81.3976,37.9673],[-81.4114,37.9743],[-81.4181,37.9676],[-81.4309,37.9719],[-81.4379,37.9679],[-81.4431,37.9742],[-81.4596,37.9796],[-81.4558,37.9858],[-81.4596,37.9897],[-81.4828,37.9867],[-81.4887,37.981],[-81.5072,37.9884],[-81.5262,37.9713],[-81.5414,37.9695],[-81.5456,37.9649],[-81.5444,37.9611],[-81.5558,37.9543],[-81.5549,37.9461],[-81.5616,37.9443],[-81.563,37.9396],[-81.5588,37.9362],[-81.5659,37.9349],[-81.566,37.931],[-81.5715,37.9278]]]},"properties":{"NAME":"Raleigh County","GEOID":"54081"}},{"type":"Feature","geometry":{"type":"Polygon","coordinates":[[[-80.6128,40.3477],[-80.5999,40.3177],[-80.6029,40.3071],[-80.6149,40.292],[-80.6164,40.2718],[-80.6225,40.2618],[-80.6521,40.245],[-80.6615,40.2298],[-80.6681,40.1997],[-80.6829,40.1821],[-80.6652,40.1861],[-80.6619,40.1819],[-80.6642,40.1786],[-80.5954,40.177],[-80.5191,40.1597],[-80.518,40.3996],[-80.5738,40.3998],[-80.6322,40.3937],[-80.6314,40.3857],[-80.6191,40.3819],[-80.6097,40.3749],[-80.6076,40.3696],[-80.6128,40.3477]]]},"properties":{"NAME":"Brooke County","GEOID":"54009"}},{"type":"Feature","geometry":{"type":"Polygon","coordinates":[[[-81.052,38.785],[-81.0522,38.7908],[-81.0567,38.7933],[-81.0395,38.8003],[-81.0382,38.8047],[-81.0328,38.8042],[-81.0302,38.8074],[-81.0353,38.8097],[-81.0121,38.8221],[-81.0135,38.8314],[-81.0089,38.8366],[-81.0124,38.8401],[-81.0025,38.8464],[-81.0107,38.9106],[-81.0083,38.9146],[-81.0139,38.9198],[-81.0136,38.9233],[-81.0054,38.9274],[-81.0068,38.9308],[-81.0026,38.9324],[-81.0069,38.9443],[-81.0044,38.948],[-81.0111,38.9575],[-81.0035,38.961],[-81.0049,38.9649],[-81.0205,38.9789],[-81.021,38.9849],[-81.0258,38.982],[-81.0344,38.9869],[-81.036,38.9967],[-81.0316,39.0001],[-81.0379,39.0072],[-81.0336,39.0096],[-81.035,39.012],[-81.0597,39.0079],[-81.0764,39.0104],[-81.0814,39.0167],[-81.0939,39.0156],[-81.094,39.0221],[-81.1025,39.0215],[-81.1049,39.0272],[-81.1122,39.0307],[-81.112,39.0371],[-81.1164,39.0385],[-81.116,39.0425],[-81.1248,39.0398],[-81.1287,39.0451],[-81.1335,39.0431],[-81.1361,39.0452],[-81.1555,39.0402],[-81.1627,39.0347],[-81.1622,39.0308],[-81.2727,38.9363],[-81.2664,38.9262],[-81.2775,38.9243],[-81.274,38.9187],[-81.2795,38.9132],[-81.2705,38.9144],[-81.2708,38.9061],[-81.2629,38.911],[-81.2583,38.907],[-81.26,38.9014],[-81.2489,38.8968],[-81.26,38.893],[-81.2386,38.8819],[-81.2412,38.8782],[-81.2372,38.8741],[-81.2424,38.8729],[-81.2378,38.8686],[-81.2433,38.8651],[-81.2354,38.8625],[-81.2369,38.8589],[-81.2455,38.8586],[-81.2463,38.8525],[-81.2388,38.8473],[-81.2281,38.8523],[-81.2284,38.8466],[-81.2208,38.8436],[-81.2191,38.834],[-81.215,38.8309],[-81.2152,38.8245],[-81.2199,38.8276],[-81.2246,38.8255],[-81.2208,38.8177],[-81.227,38.8138],[-81.2208,38.811],[-81.2222,38.8056],[-81.2259,38.8041],[-81.2177,38.7986],[-81.2276,38.7928],[-81.2191,38.7895],[-81.2231,38.7871],[-81.2203,38.7848],[-81.2074,38.7845],[-81.2122,38.7797],[-81.204,38.7761],[-81.2032,38.7695],[-81.1959,38.7674],[-81.1981,38.7639],[-81.1928,38.7617],[-81.1888,38.7522],[-81.1718,38.7398],[-81.1689,38.7305],[-81.1759,38.7231],[-81.1714,38.7206],[-81.1722,38.7074],[-81.1676,38.7038],[-81.1667,38.6951],[-81.1737,38.6876],[-81.1713,38.683],[-81.174,38.6809],[-81.1718,38.6759],[-81.1661,38.6767],[-81.1668,38.6745],[-81.1619,38.6728],[-81.1662,38.6608],[-81.1612,38.6621],[-81.1583,38.6584],[-81.1625,38.6522],[-81.158,38.6435],[-81.1316,38.6383],[-81.1237,38.6309],[-81.1151,38.6313],[-81.1073,38.6395],[-81.1021,38.639],[-81.1017,38.6349],[-81.0964,38.633],[-81.0966,38.6286],[-81.0897,38.6284],[-81.0847,38.6235],[-81.0837,38.612],[-80.9849,38.7179],[-80.9922,38.7287],[-80.9936,38.7373],[-80.9969,38.7379],[-80.9994,38.7505],[-81.0038,38.7494],[-81.0058,38.7546],[-81.0142,38.7588],[-81.0203,38.7554],[-81.0224,38.7648],[-81.0313,38.7599],[-81.0375,38.7622],[-81.0369,38.7657],[-81.0461,38.7707],[-81.0432,38.7763],[-81.0495,38.7757],[-81.052,38.785]]]},"properties":{"NAME":"Calhoun County","GEOID":"54013"}},{"type":"Feature","geometry":{"type":"Polygon","coordinates":[[[-82.2443,38.2684],[-82.2479,38.2611],[-82.2452,38.2541],[-82.2489,38.2494],[-82.2523,38.2521],[-82.26,38.2462],[-82.2606,38.2396],[-82.2574,38.235],[-82.2615,38.2342],[-82.27,38.218],[-82.2664,38.2106],[-82.2778,38.2057],[-82.2751,38.1997],[-82.2773,38.197],[-82.2718,38.1863],[-82.2751,38.1827],[-82.2713,38.1785],[-82.2775,38.1739],[-82.2717,38.1694],[-82.2789,38.1604],[-82.28,38.1525],[-82.284,38.1528],[-82.2863,38.149],[-82.2857,38.1449],[-82.2825,38.1414],[-82.2644,38.1371],[-82.2646,38.1335],[-82.2578,38.1336],[-82.2583,38.1276],[-82.2686,38.1151],[-82.253,38.1009],[-82.2463,38.1021],[-82.2409,38.0972],[-82.2378,38.0865],[-82.2395,38.0821],[-82.2355,38.0803],[-82.2354,38.0762],[-82.2279,38.0762],[-82.2278,38.0689],[-82.2233,38.0707],[-82.2058,38.0668],[-82.2069,38.0582],[-82.2118,38.0572],[-82.2078,38.0505],[-82.1976,38.0487],[-82.1926,38.0511],[-82.1923,38.0463],[-82.1983,38.0422],[-82.2023,38.0312],[-82.2064,38.029],[-82.2039,38.0236],[-82.2175,38.0201],[-82.2349,38.0038],[-82.2435,38.0008],[-82.3064,37.9436],[-82.0728,38.0072],[-82.0663,38.0058],[-82.0636,38.0096],[-82.0446,38.0148],[-82.0275,38.0144],[-82.0255,38.0179],[-82.0179,38.0169],[-82.0129,38.0223],[-81.9984,38.0204],[-81.9888,38.0249],[-81.984,38.0217],[-81.9766,38.0231],[-81.9723,38.0187],[-81.9668,38.0235],[-81.9433,38.0211],[-81.9429,38.0239],[-81.9267,38.0287],[-81.9053,38.0295],[-81.9162,38.032],[-81.9177,38.0354],[-81.933,38.0339],[-81.9509,38.0379],[-81.9721,38.0503],[-81.9698,38.0625],[-81.9732,38.0645],[-81.9663,38.0689],[-81.9689,38.0777],[-81.9621,38.0857],[-81.9641,38.0897],[-81.9507,38.099],[-81.9461,38.1068],[-81.9536,38.1187],[-81.9458,38.1258],[-81.9456,38.1357],[-81.934,38.139],[-81.9344,38.1462],[-81.9276,38.1525],[-81.9204,38.1483],[-81.9118,38.1482],[-81.9038,38.1416],[-81.8885,38.1421],[-81.8847,38.1375],[-81.8788,38.1372],[-81.8771,38.1414],[-81.8807,38.1473],[-81.8782,38.1495],[-81.8883,38.1521],[-81.8861,38.1569],[-81.8894,38.1636],[-81.8886,38.1658],[-81.8883,38.1627],[-81.886,38.1633],[-81.8869,38.1677],[-81.8721,38.1637],[-81.872,38.1768],[-81.8512,38.1731],[-81.8492,38.1814],[-81.8388,38.1806],[-81.8425,38.1855],[-81.8497,38.1823],[-81.8518,38.1848],[-81.8449,38.1989],[-81.8388,38.2018],[-81.8407,38.2089],[-81.8308,38.211],[-81.8364,38.2186],[-81.8344,38.2226],[-81.8186,38.2173],[-81.8225,38.2264],[-81.8201,38.2291],[-81.8085,38.2198],[-81.8015,38.2225],[-81.8101,38.2279],[-81.8077,38.2338],[-81.8129,38.2411],[-81.8208,38.2427],[-81.8092,38.2442],[-81.8029,38.2494],[-81.8105,38.257],[-81.8018,38.2622],[-81.8082,38.2694],[-81.8065,38.2937],[-81.8122,38.3015],[-81.8128,38.3114],[-81.8306,38.3225],[-81.8457,38.3132],[-81.8858,38.3147],[-81.9152,38.3256],[-81.9821,38.2767],[-81.9912,38.2758],[-81.9918,38.2691],[-81.9968,38.2667],[-82.0018,38.2716],[-82.0165,38.272],[-82.0154,38.2793],[-82.0189,38.2818],[-82.0283,38.2794],[-82.0365,38.2866],[-82.0445,38.287],[-82.0492,38.2917],[-82.0431,38.3373],[-82.0471,38.3744],[-82.05,38.3759],[-82.0522,38.3728],[-82.0647,38.3768],[-82.0791,38.3688],[-82.0974,38.3674],[-82.1036,38.3618],[-82.1026,38.3571],[-82.1103,38.3585],[-82.117,38.3442],[-82.1255,38.3468],[-82.1289,38.3432],[-82.1451,38.343],[-82.1685,38.3353],[-82.1783,38.3395],[-82.1831,38.3297],[-82.1968,38.3228],[-82.1975,38.3107],[-82.2034,38.3084],[-82.2208,38.3106],[-82.2116,38.3077],[-82.21,38.3027],[-82.2065,38.3018],[-82.212,38.2912],[-82.2076,38.2887],[-82.216,38.2807],[-82.2443,38.2684]]]},"properties":{"NAME":"Lincoln County","GEOID":"54043"}},{"type":"Feature","geometry":{"type":"Polygon","coordinates":[[[-80.7288,39.0871],[-80.7168,39.0084],[-80.5971,38.8961],[-80.5992,38.8918],[-80.591,38.8837],[-80.5933,38.8704],[-80.5864,38.8614],[-80.5804,38.8583],[-80.558,38.8676],[-80.5439,38.8538],[-80.5325,38.8559],[-80.5284,38.862],[-80.5238,38.8628],[-80.5072,38.854],[-80.5007,38.8447],[-80.4904,38.8451],[-80.4798,38.8332],[-80.4736,38.8328],[-80.4855,38.8003],[-80.4745,38.7943],[-80.4692,38.7976],[-80.4631,38.7959],[-80.4584,38.7877],[-80.4637,38.7838],[-80.4585,38.7761],[-80.4461,38.7775],[-80.4421,38.7718],[-80.4494,38.7694],[-80.4532,38.761],[-80.4508,38.7501],[-80.4573,38.7392],[-80.4517,38.7369],[-80.4526,38.7332],[-80.4475,38.7327],[-80.4452,38.7268],[-80.4404,38.7283],[-80.4361,38.7256],[-80.4274,38.7311],[-80.424,38.7281],[-80.4123,38.7284],[-80.4137,38.7245],[-80.4069,38.7228],[-80.4019,38.7299],[-80.3946,38.726],[-80.4095,38.7683],[-80.387,38.8748],[-80.3818,38.8815],[-80.3836,38.8855],[-80.3678,38.8866],[-80.3678,38.8946],[-80.3608,38.9013],[-80.3625,38.9068],[-80.3556,38.9082],[-80.3547,38.913],[-80.3481,38.9157],[-80.3498,38.9205],[-80.3384,38.9349],[-80.3484,38.9399],[-80.3357,38.9462],[-80.3296,38.9546],[-80.3175,38.9586],[-80.3199,38.9695],[-80.3257,38.9743],[-80.3345,38.9966],[-80.318,39.0134],[-80.3051,39.0615],[-80.3002,39.1039],[-80.4547,39.1389],[-80.4544,39.1411],[-80.4585,39.1393],[-80.4733,39.1471],[-80.4802,39.1446],[-80.4868,39.1486],[-80.494,39.1457],[-80.5074,39.1494],[-80.5183,39.1459],[-80.5362,39.1475],[-80.5462,39.1514],[-80.5491,39.159],[-80.587,39.1688],[-80.5961,39.1671],[-80.6048,39.1555],[-80.6171,39.1541],[-80.6236,39.1428],[-80.6296,39.1392],[-80.6443,39.1369],[-80.6569,39.1411],[-80.6629,39.1378],[-80.6644,39.1297],[-80.6817,39.1212],[-80.6812,39.112],[-80.6876,39.1097],[-80.7,39.0909],[-80.7283,39.0957],[-80.7288,39.0871]]]},"properties":{"NAME":"Lewis County","GEOID":"54041"}},{"type":"Feature","geometry":{"type":"Polygon","coordinates":[[[-82.0646,38.608],[-82.0504,38.4035],[-82.0431,38.3373],[-82.0491,38.2913],[-82.0407,38.2856],[-82.0365,38.2866],[-82.0283,38.2794],[-82.0189,38.2818],[-82.0154,38.2793],[-82.0162,38.2718],[-82.0018,38.2716],[-81.9974,38.2666],[-81.9936,38.2679],[-81.9912,38.2758],[-81.9821,38.2767],[-81.9152,38.3256],[-81.9002,38.3986],[-81.8461,38.425],[-81.8374,38.4252],[-81.8349,38.4294],[-81.8228,38.4297],[-81.8193,38.4353],[-81.8147,38.4329],[-81.7231,38.4678],[-81.722,38.4747],[-81.7272,38.4768],[-81.7253,38.4803],[-81.7339,38.4954],[-81.7317,38.5036],[-81.7424,38.5087],[-81.7436,38.5111],[-81.7398,38.5126],[-81.7423,38.5179],[-81.7541,38.524],[-81.7508,38.5265],[-81.7554,38.5339],[-81.7493,38.5407],[-81.7516,38.5465],[-81.7472,38.5536],[-81.7501,38.5555],[-81.7478,38.5665],[-81.7513,38.5795],[-81.7559,38.5809],[-81.7505,38.591],[-81.7418,38.5938],[-81.739,38.5993],[-81.7288,38.5962],[-81.6963,38.6264],[-81.7477,38.6841],[-81.9558,38.6574],[-82.0646,38.608]]]},"properties":{"NAME":"Putnam County","GEOID":"54079"}},{"type":"Feature","geometry":{"type":"Polygon","coordinates":[[[-80.6227,37.4333],[-80.6168,37.4394],[-80.6002,37.4462],[-80.5614,37.4698],[-80.5151,37.4786],[-80.5114,37.4817],[-80.493,37.4577],[-80.4973,37.4448],[-80.4949,37.4351],[-80.4756,37.4229],[-80.4648,37.4261],[-80.4256,37.4499],[-80.372,37.4741],[-80.3632,37.48],[-80.3668,37.4849],[-80.3271,37.4954],[-80.2998,37.5083],[-80.2824,37.5335],[-80.2917,37.5365],[-80.3093,37.5274],[-80.3304,37.5363],[-80.3275,37.5401],[-80.3122,37.5462],[-80.3285,37.5643],[-80.2589,37.5955],[-80.2403,37.607],[-80.221,37.6278],[-80.2408,37.6383],[-80.2675,37.6462],[-80.2794,37.6571],[-80.2961,37.6918],[-80.3183,37.6858],[-80.3363,37.6876],[-80.3479,37.694],[-80.348,37.6976],[-80.3398,37.7043],[-80.3517,37.7088],[-80.3617,37.6896],[-80.3695,37.6917],[-80.3775,37.6858],[-80.3853,37.6928],[-80.3808,37.7073],[-80.3859,37.7075],[-80.3934,37.7022],[-80.3941,37.7107],[-80.391,37.7137],[-80.3946,37.7169],[-80.406,37.7075],[-80.412,37.7061],[-80.4153,37.7003],[-80.4222,37.7019],[-80.4517,37.6839],[-80.4627,37.6876],[-80.4606,37.6922],[-80.473,37.6934],[-80.4741,37.6969],[-80.4799,37.6925],[-80.4849,37.6942],[-80.4889,37.6915],[-80.4926,37.6941],[-80.4959,37.6912],[-80.5009,37.695],[-80.5086,37.6915],[-80.6202,37.7167],[-80.63,37.723],[-80.6548,37.7273],[-80.6633,37.7317],[-80.6604,37.7146],[-80.6708,37.698],[-80.7481,37.5876],[-80.7985,37.5221],[-80.8585,37.4283],[-80.8463,37.4234],[-80.8377,37.4257],[-80.8086,37.4065],[-80.8057,37.398],[-80.7842,37.3946],[-80.7701,37.3724],[-80.7163,37.3887],[-80.6459,37.4221],[-80.6344,37.4312],[-80.6227,37.4333]]]},"properties":{"NAME":"Monroe County","GEOID":"54063"}},{"type":"Feature","geometry":{"type":"Polygon","coordinates":[[[-77.7544,39.3335],[-77.7597,39.3375],[-77.7608,39.3428],[-77.7476,39.3513],[-77.7433,39.3621],[-77.753,39.3817],[-77.7366,39.3871],[-77.7384,39.399],[-77.7529,39.423],[-77.7579,39.4264],[-77.7877,39.4292],[-77.8032,39.4373],[-77.8009,39.4407],[-77.7853,39.4454],[-77.7983,39.4561],[-77.798,39.4608],[-77.7806,39.4598],[-77.7776,39.4623],[-77.7954,39.4712],[-77.7972,39.4801],[-77.7679,39.491],[-77.7655,39.4947],[-77.7703,39.4988],[-77.7787,39.4994],[-77.797,39.4895],[-77.8248,39.4936],[-77.8386,39.4709],[-77.8394,39.4607],[-77.8437,39.4588],[-77.8471,39.4466],[-77.9318,39.3796],[-77.9468,39.3806],[-77.9485,39.378],[-77.9428,39.3748],[-77.9439,39.3727],[-77.9513,39.3723],[-77.9583,39.3671],[-77.9671,39.367],[-77.9619,39.3596],[-77.9685,39.3574],[-77.9652,39.3523],[-77.9666,39.3459],[-77.9739,39.3497],[-77.9816,39.3493],[-77.9769,39.3401],[-77.9882,39.3319],[-77.9879,39.3256],[-77.996,39.326],[-77.988,39.3203],[-77.9974,39.3105],[-78.0059,39.3068],[-78.0203,39.2881],[-78.0272,39.2884],[-78.0262,39.2802],[-78.0353,39.2787],[-78.026,39.2726],[-78.0335,39.2681],[-78.0332,39.2646],[-77.8283,39.1324],[-77.8221,39.1401],[-77.8214,39.1524],[-77.806,39.1717],[-77.7927,39.2114],[-77.7808,39.2287],[-77.7714,39.2365],[-77.7672,39.249],[-77.7709,39.2494],[-77.7701,39.2564],[-77.7629,39.2583],[-77.7584,39.2651],[-77.7483,39.2937],[-77.7384,39.3082],[-77.7195,39.3213],[-77.7544,39.3335]]]},"properties":{"NAME":"Jefferson County","GEOID":"54037"}},{"type":"Feature","geometry":{"type":"Polygon","coordinates":[[[-79.8497,39.546],[-79.7893,39.6238],[-79.7854,39.6573],[-79.7638,39.6969],[-79.7638,39.7208],[-80.4222,39.7199],[-80.4197,39.7127],[-80.4139,39.7116],[-80.4074,39.7178],[-80.4052,39.7151],[-80.4031,39.7062],[-80.4068,39.7003],[-80.4058,39.6942],[-80.3988,39.689],[-80.3952,39.6805],[-80.4009,39.6749],[-80.3986,39.6692],[-80.4028,39.6675],[-80.3993,39.6603],[-80.4015,39.6555],[-80.3948,39.6531],[-80.3896,39.6446],[-80.3958,39.6373],[-80.3899,39.6333],[-80.3677,39.6336],[-80.36,39.6258],[-80.3603,39.6206],[-80.3522,39.6177],[-80.3475,39.6117],[-80.3343,39.612],[-80.3301,39.6148],[-80.3226,39.6108],[-80.1535,39.6104],[-80.1532,39.6065],[-80.1462,39.6066],[-80.1422,39.5963],[-80.1333,39.5946],[-80.1354,39.5894],[-80.131,39.5832],[-80.1262,39.5795],[-80.1107,39.5768],[-80.111,39.5717],[-80.1035,39.5696],[-80.1039,39.5671],[-80.0432,39.523],[-80.0384,39.5164],[-80.0471,39.5143],[-80.0419,39.5094],[-80.0159,39.5021],[-80.0176,39.4946],[-80.0119,39.4918],[-80.0115,39.4874],[-79.9968,39.4873],[-79.9902,39.4824],[-79.9907,39.4791],[-79.9784,39.4742],[-79.9763,39.4682],[-79.968,39.463],[-79.8947,39.4356],[-79.8997,39.4819],[-79.8497,39.546]]]},"properties":{"NAME":"Monongalia County","GEOID":"54061"}},{"type":"Feature","geometry":{"type":"Polygon","coordinates":[[[-81.9573,38.6566],[-81.7728,38.6808],[-81.8135,38.7148],[-81.7913,38.7331],[-81.9029,38.8633],[-81.9106,38.876],[-81.9086,38.8785],[-81.928,38.8935],[-81.9267,38.9013],[-81.8985,38.9296],[-81.9006,38.9377],[-81.9332,38.9877],[-81.9514,38.996],[-81.9794,38.9932],[-81.9871,39.012],[-81.9959,39.0233],[-82.006,39.0294],[-82.0239,39.0292],[-82.0388,39.0227],[-82.0516,38.9944],[-82.0907,38.9748],[-82.1091,38.9456],[-82.1117,38.9326],[-82.1112,38.9366],[-82.1294,38.9079],[-82.1432,38.8981],[-82.1454,38.8842],[-82.1392,38.865],[-82.1442,38.8419],[-82.148,38.8365],[-82.1636,38.8234],[-82.1921,38.8145],[-82.2145,38.7987],[-82.2216,38.7872],[-82.2196,38.7723],[-82.1989,38.7577],[-82.1883,38.7341],[-82.1869,38.7223],[-82.1931,38.7377],[-82.1825,38.7088],[-82.1909,38.6804],[-82.172,38.6256],[-82.1732,38.6124],[-82.1812,38.5998],[-82.1938,38.5931],[-82.219,38.5917],[-82.0551,38.4745],[-82.0646,38.608],[-81.9573,38.6566]]]},"properties":{"NAME":"Mason County","GEOID":"54053"}},{"type":"Feature","geometry":{"type":"Polygon","coordinates":[[[-80.7571,38.8468],[-80.7015,38.879],[-80.6927,38.8803],[-80.6699,38.8928],[-80.6726,38.889],[-80.6659,38.8818],[-80.6595,38.8829],[-80.6591,38.8881],[-80.6521,38.8897],[-80.641,38.8848],[-80.6403,38.8898],[-80.6339,38.8925],[-80.6312,38.8976],[-80.6226,38.8975],[-80.6199,38.9026],[-80.6058,38.9042],[-80.7168,39.0084],[-80.7289,39.0835],[-80.7283,39.0957],[-80.813,39.1094],[-80.8089,39.1043],[-80.811,39.0989],[-80.8181,39.0966],[-80.8188,39.0916],[-80.8281,39.0921],[-80.8365,39.0819],[-80.843,39.0848],[-80.8546,39.0839],[-80.8518,39.0797],[-80.8629,39.0713],[-80.877,39.0739],[-80.8774,39.0687],[-80.8855,39.0638],[-80.8975,39.0628],[-80.8981,39.0556],[-80.9051,39.0536],[-80.9116,39.0462],[-80.9193,39.0434],[-80.9366,39.0447],[-80.9602,39.038],[-80.9657,39.0353],[-80.9639,39.0317],[-80.9672,39.029],[-80.9821,39.0261],[-80.9821,39.0202],[-80.9903,39.0206],[-81.0025,39.0096],[-81.0169,39.0109],[-81.0231,39.0082],[-81.0264,39.0099],[-81.0248,39.0125],[-81.0283,39.0126],[-81.0377,39.0076],[-81.0316,39.0001],[-81.036,38.9967],[-81.0344,38.9869],[-81.026,38.982],[-81.02,38.9841],[-81.0205,38.9789],[-81.0075,38.9692],[-81.0083,38.9659],[-81.0035,38.961],[-81.0111,38.9575],[-81.0044,38.948],[-81.0069,38.9443],[-81.0026,38.9324],[-81.0068,38.9308],[-81.0054,38.9274],[-81.0136,38.9233],[-81.0139,38.9198],[-81.0083,38.9146],[-81.0107,38.9106],[-81.0025,38.8464],[-81.0124,38.8401],[-81.0089,38.8366],[-81.0135,38.8314],[-81.0121,38.8221],[-81.0353,38.8097],[-81.0302,38.8074],[-81.0328,38.8042],[-81.0382,38.8047],[-81.0395,38.8003],[-81.0567,38.7927],[-81.0515,38.7894],[-81.0495,38.7757],[-81.0432,38.7763],[-81.0461,38.7707],[-81.0369,38.7657],[-81.0375,38.7622],[-81.0313,38.7599],[-81.0224,38.7648],[-81.0203,38.7554],[-81.0142,38.7588],[-81.0058,38.7546],[-81.0038,38.7494],[-80.9994,38.7505],[-80.9969,38.7379],[-80.9936,38.7373],[-80.9922,38.7287],[-80.9849,38.7179],[-80.7571,38.8468]]]},"properties":{"NAME":"Gilmer County","GEOID":"54021"}},{"type":"Feature","geometry":{"type":"Polygon","coordinates":[[[-81.0529,37.2886],[-80.9796,37.3023],[-80.9822,37.296],[-80.977,37.2918],[-80.9442,37.2966],[-80.8992,37.3157],[-80.869,37.3386],[-80.8495,37.3469],[-80.8832,37.3839],[-80.863,37.4115],[-80.8653,37.4201],[-80.8595,37.4295],[-81.0962,37.5895],[-81.103,37.5896],[-81.1089,37.5939],[-81.1194,37.5884],[-81.1357,37.5979],[-81.1444,37.5963],[-81.1489,37.5908],[-81.1553,37.5928],[-81.1725,37.5863],[-81.1787,37.5795],[-81.1844,37.5821],[-81.1989,37.5755],[-81.1979,37.5679],[-81.2011,37.5652],[-81.1988,37.5594],[-81.2045,37.5527],[-81.2,37.5395],[-81.204,37.5332],[-81.2104,37.5306],[-81.207,37.5247],[-81.2127,37.5171],[-81.2139,37.5083],[-81.2276,37.51],[-81.2585,37.4988],[-81.2637,37.4949],[-81.2639,37.4888],[-81.2718,37.4845],[-81.2722,37.4785],[-81.2781,37.4725],[-81.2948,37.4694],[-81.2968,37.4621],[-81.3005,37.46],[-81.304,37.4625],[-81.3074,37.4595],[-81.3056,37.4501],[-81.2878,37.4336],[-81.2828,37.4194],[-81.2929,37.4132],[-81.3112,37.4245],[-81.3622,37.3377],[-81.3201,37.2993],[-81.2251,37.2349],[-81.1611,37.2648],[-81.1041,37.2806],[-81.0529,37.2886]]]},"properties":{"NAME":"Mercer County","GEOID":"54055"}},{"type":"Feature","geometry":{"type":"Polygon","coordinates":[[[-81.9167,37.6805],[-81.911,37.6776],[-81.9117,37.6701],[-81.9023,37.6612],[-81.8929,37.662],[-81.8892,37.6671],[-81.8748,37.6701],[-81.8733,37.6779],[-81.8688,37.68],[-81.8503,37.6644],[-81.838,37.6721],[-81.8337,37.6717],[-81.8282,37.6637],[-81.8144,37.6553],[-81.8084,37.6618],[-81.8029,37.6605],[-81.793,37.6709],[-81.7876,37.669],[-81.78,37.6725],[-81.7777,37.678],[-81.7651,37.6777],[-81.7556,37.6857],[-81.7513,37.6853],[-81.7469,37.6796],[-81.7369,37.6826],[-81.7326,37.686],[-81.7332,37.6932],[-81.7164,37.7009],[-81.7106,37.6988],[-81.7017,37.7014],[-81.7645,37.7517],[-81.7619,37.7566],[-81.7549,37.7555],[-81.7433,37.7644],[-81.7406,37.7598],[-81.7353,37.7626],[-81.728,37.7596],[-81.7239,37.7646],[-81.7078,37.7634],[-81.7042,37.7674],[-81.6969,37.7683],[-81.6938,37.7741],[-81.683,37.7762],[-81.6751,37.7727],[-81.6697,37.7789],[-81.6657,37.775],[-81.6571,37.7798],[-81.638,37.7776],[-81.6275,37.7857],[-81.6237,37.7825],[-81.6075,37.7887],[-81.6179,37.7999],[-81.6323,37.8034],[-81.6354,37.8111],[-81.6464,37.8178],[-81.644,37.8232],[-81.6501,37.8258],[-81.648,37.8303],[-81.6547,37.8286],[-81.6587,37.8344],[-81.6655,37.8329],[-81.6675,37.8292],[-81.6799,37.8306],[-81.682,37.8257],[-81.6909,37.8217],[-81.6995,37.8237],[-81.7027,37.8169],[-81.7133,37.81],[-81.7231,37.8096],[-81.7246,37.8141],[-81.7319,37.8161],[-81.7306,37.8247],[-81.7422,37.827],[-81.7469,37.8369],[-81.7504,37.8382],[-81.7459,37.8441],[-81.7587,37.8501],[-81.7623,37.849],[-81.7672,37.8559],[-81.7744,37.8538],[-81.7716,37.8619],[-81.7822,37.8672],[-81.7591,37.8851],[-81.7599,37.8899],[-81.757,37.8925],[-81.7595,37.8927],[-81.7596,37.9034],[-81.7644,37.9053],[-81.7606,37.9113],[-81.7725,37.9129],[-81.7722,37.9195],[-81.782,37.9288],[-81.7817,37.9347],[-81.7898,37.9376],[-81.8011,37.9363],[-81.802,37.94],[-81.8063,37.9399],[-81.8146,37.9472],[-81.8611,37.9483],[-81.9018,37.9611],[-81.9024,37.9691],[-81.9109,37.9713],[-81.9123,37.9755],[-81.9368,37.9774],[-81.9499,37.9718],[-81.9775,37.9823],[-81.9794,37.9916],[-81.9339,38.0258],[-81.9429,38.0239],[-81.9433,38.0211],[-81.9668,38.0235],[-81.9723,38.0187],[-81.9766,38.0231],[-81.984,38.0217],[-81.9888,38.0249],[-81.9984,38.0204],[-82.0129,38.0223],[-82.0179,38.0169],[-82.0255,38.0179],[-82.0275,38.0144],[-82.0446,38.0148],[-82.0636,38.0096],[-82.0663,38.0058],[-82.0728,38.0072],[-82.1907,37.9748],[-82.1903,37.9711],[-82.1972,37.9627],[-82.1811,37.9509],[-82.1873,37.9458],[-82.1858,37.9425],[-82.1722,37.9365],[-82.1733,37.9293],[-82.1635,37.9235],[-82.1643,37.9141],[-82.1598,37.9075],[-82.1499,37.9061],[-82.1444,37.9009],[-82.1279,37.9008],[-82.1202,37.8924],[-82.1221,37.8871],[-82.1185,37.8818],[-82.1288,37.8779],[-82.1199,37.8582],[-82.1123,37.8597],[-82.1128,37.8531],[-82.1348,37.8466],[-82.1462,37.8379],[-82.1336,37.8263],[-82.1335,37.8104],[-82.1249,37.8108],[-82.1229,37.8047],[-82.1193,37.8059],[-82.1021,37.7979],[-82.1016,37.7946],[-82.1071,37.7887],[-82.0999,37.787],[-82.1041,37.771],[-82.1004,37.7669],[-82.111,37.7662],[-82.1093,37.7593],[-82.117,37.7476],[-82.11,37.747],[-82.1056,37.7505],[-82.1025,37.7456],[-82.0994,37.7468],[-82.0973,37.7429],[-82.0912,37.7422],[-82.0902,37.7392],[-82.094,37.7347],[-82.0852,37.7298],[-82.092,37.7225],[-82.0856,37.7217],[-82.0883,37.7176],[-82.0838,37.7139],[-82.0859,37.7071],[-82.0808,37.7059],[-82.0826,37.7016],[-82.0569,37.7058],[-82.0557,37.7015],[-82.0413,37.7016],[-82.0318,37.6858],[-82.024,37.6823],[-82.0226,37.6682],[-82.001,37.6625],[-82.0028,37.6544],[-81.9993,37.6523],[-82.0004,37.6453],[-81.9934,37.6406],[-81.9918,37.6474],[-81.9873,37.6506],[-81.9918,37.6583],[-81.9854,37.6589],[-81.9794,37.6681],[-81.9666,37.6645],[-81.9571,37.6697],[-81.9554,37.675],[-81.9448,37.6712],[-81.9303,37.682],[-81.9167,37.6805]]]},"properties":{"NAME":"Logan County","GEOID":"54045"}},{"type":"Feature","geometry":{"type":"Polygon","coordinates":[[[-81.1984,39.4169],[-81.2108,39.4036],[-81.2117,39.393],[-81.2173,39.3876],[-81.2236,39.3861],[-81.2444,39.3904],[-81.2703,39.386],[-81.3018,39.3722],[-81.3449,39.3468],[-81.3715,39.3425],[-81.3672,39.3285],[-81.3616,39.3255],[-81.3664,39.3241],[-81.3634,39.3204],[-81.3556,39.3209],[-81.3576,39.3252],[-81.3486,39.3288],[-81.341,39.319],[-81.3351,39.3241],[-81.3279,39.3221],[-81.324,39.3163],[-81.3283,39.312],[-81.3241,39.2984],[-81.3133,39.3004],[-81.2834,39.297],[-81.2769,39.2938],[-81.2656,39.2955],[-81.2603,39.2913],[-81.2603,39.2814],[-81.2476,39.2766],[-81.2395,39.2683],[-81.2317,39.2733],[-81.2323,39.2901],[-81.2201,39.3047],[-81.221,39.3082],[-81.1903,39.3051],[-81.1916,39.3119],[-81.1891,39.3141],[-81.1722,39.3055],[-81.1683,39.3062],[-81.1647,39.312],[-81.1585,39.3095],[-81.1421,39.3135],[-81.1358,39.3105],[-81.1323,39.3151],[-81.1187,39.3154],[-81.1131,39.3241],[-81.1025,39.3233],[-81.081,39.3312],[-81.0768,39.327],[-81.0716,39.3287],[-81.0604,39.3227],[-81.0444,39.3288],[-81.0442,39.3383],[-81.0397,39.3389],[-81.0401,39.3431],[-81.035,39.347],[-81.0367,39.3504],[-81.0235,39.3465],[-81.0174,39.3516],[-81.0078,39.3509],[-81.0254,39.4637],[-81.0305,39.468],[-81.0426,39.4686],[-81.0613,39.4764],[-81.0542,39.468],[-81.0567,39.4634],[-81.0791,39.4675],[-81.0956,39.4572],[-81.1069,39.4636],[-81.1173,39.4566],[-81.1215,39.4578],[-81.1344,39.4451],[-81.1635,39.4412],[-81.1799,39.4351],[-81.1984,39.4169]]]},"properties":{"NAME":"Pleasants County","GEOID":"54073"}},{"type":"Feature","geometry":{"type":"Polygon","coordinates":[[[-81.1907,37.8826],[-81.0728,37.8737],[-81.0705,37.8661],[-81.0732,37.8604],[-81.0986,37.86],[-81.1004,37.855],[-81.0901,37.8496],[-81.0511,37.8583],[-81.049,37.8507],[-81.0591,37.8408],[-81.0548,37.834],[-81.0406,37.8339],[-81.0246,37.8293],[-80.967,37.8321],[-80.9451,37.8191],[-80.8064,37.8689],[-80.7489,37.8651],[-80.8109,37.9491],[-80.7699,37.9853],[-80.7889,37.9924],[-80.7905,37.9958],[-80.786,38.0062],[-80.7967,38.0175],[-80.7984,38.0263],[-80.8233,38.0273],[-80.8283,38.0317],[-80.8299,38.0431],[-80.8125,38.0471],[-80.8143,38.0554],[-80.8001,38.0635],[-80.8273,38.0632],[-80.8327,38.0596],[-80.8346,38.0538],[-80.8407,38.0529],[-80.867,38.0589],[-80.8933,38.079],[-80.8934,38.082],[-80.8834,38.0841],[-80.8822,38.1035],[-80.8765,38.11],[-80.8878,38.1216],[-80.8826,38.1337],[-80.8875,38.1359],[-80.9027,38.1226],[-80.9103,38.1324],[-80.9085,38.1433],[-80.9197,38.1415],[-80.9279,38.1512],[-80.9407,38.1551],[-80.9438,38.1639],[-80.9499,38.1683],[-80.9462,38.1727],[-80.951,38.1765],[-80.9415,38.1818],[-80.9485,38.1854],[-80.9441,38.1936],[-80.9568,38.2026],[-80.9655,38.2014],[-80.9694,38.2157],[-80.9841,38.2226],[-81.0072,38.2216],[-81.0116,38.214],[-81.0073,38.2063],[-81.017,38.2039],[-81.0207,38.2148],[-81.0348,38.2201],[-81.0273,38.2341],[-81.03,38.2385],[-81.0377,38.2402],[-81.0383,38.2285],[-81.0487,38.223],[-81.0597,38.2218],[-81.0526,38.2174],[-81.0512,38.2126],[-81.0696,38.2109],[-81.0714,38.206],[-81.0654,38.2002],[-81.0747,38.1961],[-81.0836,38.1994],[-81.0845,38.2043],[-81.0946,38.2047],[-81.1108,38.2135],[-81.1336,38.2355],[-81.1434,38.2363],[-81.1544,38.2263],[-81.1764,38.2337],[-81.1928,38.229],[-81.1946,38.233],[-81.1856,38.2372],[-81.1937,38.2415],[-81.1924,38.2495],[-81.2043,38.2489],[-81.2148,38.2551],[-81.2207,38.2544],[-81.2206,38.2619],[-81.2315,38.2634],[-81.315,38.1805],[-81.3215,38.1835],[-81.3293,38.1824],[-81.3268,38.1745],[-81.3332,38.1613],[-81.3808,37.969],[-81.347,37.9767],[-81.3429,37.9698],[-81.3285,37.9667],[-81.3289,37.9608],[-81.3222,37.9523],[-81.2971,37.9446],[-81.2952,37.9402],[-81.3013,37.9335],[-81.3014,37.9272],[-81.2942,37.9054],[-81.3004,37.8935],[-81.2951,37.8893],[-81.1907,37.8826]]]},"properties":{"NAME":"Fayette County","GEOID":"54019"}},{"type":"Feature","geometry":{"type":"Polygon","coordinates":[[[-80.5753,40.3997],[-80.518,40.3996],[-80.519,40.6388],[-80.5511,40.6288],[-80.5767,40.6142],[-80.5988,40.6253],[-80.6272,40.6199],[-80.6635,40.5908],[-80.6678,40.5835],[-80.6644,40.57],[-80.6524,40.5625],[-80.6331,40.5387],[-80.6275,40.5358],[-80.618,40.502],[-80.5954,40.4753],[-80.596,40.4634],[-80.6122,40.4348],[-80.6123,40.4028],[-80.6297,40.395],[-80.5753,40.3997]]]},"properties":{"NAME":"Hancock County","GEOID":"54029"}},{"type":"Feature","geometry":{"type":"Polygon","coordinates":[[[-81.4832,39.0967],[-81.4249,39.1357],[-81.4031,39.1373],[-81.2954,39.1866],[-81.3016,39.2025],[-81.2964,39.2075],[-81.2913,39.2241],[-81.2773,39.2337],[-81.2775,39.2426],[-81.2709,39.2485],[-81.2714,39.254],[-81.2666,39.2553],[-81.268,39.26],[-81.2503,39.2708],[-81.2463,39.2675],[-81.2395,39.2683],[-81.2476,39.2766],[-81.2603,39.2814],[-81.2603,39.2913],[-81.2656,39.2955],[-81.2769,39.2938],[-81.2834,39.297],[-81.3133,39.3004],[-81.3242,39.2985],[-81.3283,39.312],[-81.324,39.3163],[-81.328,39.3221],[-81.3354,39.3241],[-81.3387,39.3226],[-81.3376,39.3194],[-81.341,39.319],[-81.3491,39.3288],[-81.3577,39.325],[-81.3556,39.3209],[-81.3638,39.3206],[-81.3664,39.3242],[-81.3616,39.3255],[-81.3672,39.3285],[-81.3713,39.3419],[-81.3841,39.3432],[-81.3938,39.3517],[-81.4067,39.3881],[-81.4109,39.3928],[-81.4287,39.4054],[-81.4465,39.4104],[-81.4677,39.4038],[-81.4988,39.3761],[-81.5345,39.3582],[-81.5575,39.3388],[-81.5652,39.2762],[-81.5702,39.2677],[-81.5856,39.2687],[-81.6084,39.276],[-81.6213,39.2736],[-81.6561,39.2774],[-81.6776,39.2742],[-81.6895,39.266],[-81.6964,39.257],[-81.6966,39.2461],[-81.6911,39.2301],[-81.6937,39.2249],[-81.7256,39.2159],[-81.7369,39.1926],[-81.752,39.1855],[-81.7564,39.1794],[-81.7428,39.1427],[-81.7452,39.1382],[-81.7424,39.1113],[-81.7473,39.0954],[-81.5814,39.0262],[-81.5535,39.0493],[-81.4832,39.0967]]]},"properties":{"NAME":"Wood County","GEOID":"54107"}},{"type":"Feature","geometry":{"type":"Polygon","coordinates":[[[-80.6783,38.5035],[-80.6407,38.4242],[-80.6617,38.4125],[-80.6334,38.3751],[-80.6255,38.3544],[-80.6128,38.367],[-80.6095,38.3586],[-80.36,38.2258],[-80.3522,38.3453],[-80.3303,38.3358],[-80.2455,38.3885],[-80.1839,38.5254],[-80.2801,38.6949],[-80.3053,38.6846],[-80.3184,38.6843],[-80.3217,38.6871],[-80.3206,38.6942],[-80.3326,38.7038],[-80.3313,38.7181],[-80.3449,38.7203],[-80.3472,38.7271],[-80.3533,38.7307],[-80.3684,38.7333],[-80.3723,38.7305],[-80.3894,38.7299],[-80.3947,38.726],[-80.401,38.7301],[-80.4069,38.7228],[-80.4137,38.7245],[-80.4123,38.7284],[-80.424,38.7281],[-80.4269,38.7311],[-80.4361,38.7256],[-80.4404,38.7283],[-80.4452,38.7268],[-80.4475,38.7327],[-80.4523,38.7329],[-80.4517,38.7369],[-80.4573,38.7392],[-80.5087,38.6456],[-80.6783,38.5035]]]},"properties":{"NAME":"Webster County","GEOID":"54101"}},{"type":"Feature","geometry":{"type":"Polygon","coordinates":[[[-79.7935,38.716],[-79.7936,38.7211],[-79.7843,38.7288],[-79.7805,38.738],[-79.7756,38.7398],[-79.7669,38.7345],[-79.7597,38.736],[-79.7541,38.7335],[-79.7553,38.7276],[-79.7505,38.7258],[-79.7509,38.7219],[-79.7395,38.7181],[-79.7355,38.712],[-79.7306,38.712],[-79.7372,38.7074],[-79.7377,38.6915],[-79.7439,38.6864],[-79.739,38.6795],[-79.7254,38.6791],[-79.7189,38.6848],[-79.7102,38.6857],[-79.7019,38.6799],[-79.6978,38.6661],[-79.679,38.6645],[-79.6786,38.6819],[-79.661,38.6902],[-79.6437,38.6807],[-79.6339,38.682],[-79.6271,38.6789],[-79.6355,38.6611],[-79.6295,38.6604],[-79.6231,38.6688],[-79.5956,38.6631],[-79.594,38.6658],[-79.6015,38.6787],[-79.5971,38.6829],[-79.5977,38.6876],[-79.5882,38.6895],[-79.587,38.6947],[-79.577,38.7019],[-79.571,38.7136],[-79.5643,38.7132],[-79.5569,38.7312],[-79.5454,38.7372],[-79.5432,38.7465],[-79.5343,38.7477],[-79.5158,38.7794],[-79.5102,38.7806],[-79.5086,38.7844],[-79.5096,38.7883],[-79.506,38.7937],[-79.5079,38.8009],[-79.5272,38.8142],[-79.5298,38.8193],[-79.5232,38.8302],[-79.5391,38.8414],[-79.5127,38.8672],[-79.5101,38.8758],[-79.5186,38.8844],[-79.5197,38.892],[-79.5057,38.8935],[-79.4829,38.8863],[-79.4749,38.8916],[-79.4445,38.8986],[-79.457,38.9246],[-79.4555,38.9299],[-79.4434,38.9326],[-79.4243,38.9291],[-79.4157,38.923],[-79.3749,38.9208],[-79.368,38.9248],[-79.3665,38.9315],[-79.3569,38.943],[-79.3548,38.953],[-79.3494,38.9584],[-79.3645,38.9671],[-79.3793,38.9658],[-79.3983,38.9723],[-79.4209,38.9717],[-79.4345,38.9764],[-79.4494,38.9741],[-79.4725,38.978],[-79.4877,38.9749],[-79.4946,38.9775],[-79.5038,38.9699],[-79.5088,38.9752],[-79.7857,39.0374],[-79.777,39.0465],[-79.7793,39.055],[-79.774,39.0631],[-79.7765,39.0662],[-79.7753,39.0766],[-79.7895,39.0932],[-79.7888,39.0975],[-79.7994,39.108],[-79.816,39.1125],[-79.8227,39.1178],[-79.8261,39.1149],[-79.8241,39.1068],[-79.8271,39.1028],[-79.8381,39.0951],[-79.8496,39.0949],[-79.8632,39.0727],[-79.8606,39.0685],[-79.8659,39.0634],[-79.8728,39.0344],[-79.8873,39.0032],[-79.8874,38.9949],[-79.896,38.9734],[-80.0851,38.9472],[-80.0821,38.9448],[-80.0903,38.9401],[-80.0875,38.9343],[-80.0973,38.928],[-80.0884,38.924],[-80.0905,38.9142],[-80.0933,38.9102],[-80.1015,38.9086],[-80.1028,38.9002],[-80.1094,38.8973],[-80.0984,38.8405],[-80.1261,38.7458],[-80.2368,38.7438],[-80.2801,38.6949],[-80.1839,38.5254],[-80.2455,38.3885],[-80.1169,38.474],[-80.0284,38.4592],[-79.8633,38.5508],[-79.8557,38.575],[-79.8565,38.5836],[-79.8423,38.6081],[-79.8467,38.6296],[-79.8442,38.6321],[-79.8384,38.6286],[-79.8302,38.6365],[-79.8338,38.6476],[-79.8216,38.6564],[-79.8146,38.6767],[-79.808,38.6829],[-79.809,38.6915],[-79.7983,38.7032],[-79.8025,38.71],[-79.7935,38.716]]]},"properties":{"NAME":"Randolph County","GEOID":"54083"}},{"type":"Feature","geometry":{"type":"Polygon","coordinates":[[[-80.0809,39.5509],[-80.1039,39.5671],[-80.1035,39.5696],[-80.111,39.5717],[-80.1107,39.5768],[-80.1262,39.5795],[-80.131,39.5832],[-80.1354,39.5894],[-80.1333,39.5946],[-80.1422,39.5963],[-80.1462,39.6066],[-80.1532,39.6065],[-80.1535,39.6104],[-80.3226,39.6108],[-80.3301,39.6148],[-80.3343,39.612],[-80.3475,39.6117],[-80.3522,39.6177],[-80.3603,39.6206],[-80.36,39.6258],[-80.3677,39.6336],[-80.3853,39.6326],[-80.3958,39.6373],[-80.4037,39.6318],[-80.4119,39.6414],[-80.4279,39.6407],[-80.4434,39.6295],[-80.4338,39.6203],[-80.4376,39.6142],[-80.4494,39.6127],[-80.4467,39.6044],[-80.4504,39.5961],[-80.4618,39.6014],[-80.4788,39.5973],[-80.4824,39.5871],[-80.4803,39.5834],[-80.4877,39.5764],[-80.4929,39.5757],[-80.491,39.5702],[-80.4982,39.5633],[-80.4937,39.553],[-80.4946,39.5457],[-80.4908,39.5386],[-80.4863,39.5368],[-80.4859,39.5204],[-80.4674,39.5032],[-80.4735,39.4927],[-80.4718,39.4863],[-80.4753,39.4818],[-80.4899,39.4825],[-80.4941,39.4696],[-80.2908,39.4358],[-80.2898,39.4322],[-80.2825,39.4357],[-80.1963,39.3927],[-80.1206,39.4012],[-80.1134,39.409],[-80.1075,39.4099],[-80.1053,39.405],[-80.0966,39.4008],[-80.0873,39.3862],[-80.025,39.4014],[-80.011,39.4176],[-79.9389,39.4525],[-79.968,39.463],[-79.9763,39.4682],[-79.9784,39.4742],[-79.9907,39.4791],[-79.9902,39.4824],[-79.9968,39.4873],[-80.0116,39.4874],[-80.0116,39.4914],[-80.0176,39.4946],[-80.0158,39.502],[-80.0392,39.5073],[-80.0471,39.5143],[-80.0384,39.5164],[-80.0432,39.523],[-80.0809,39.5509]]]},"properties":{"NAME":"Marion County","GEOID":"54049"}},{"type":"Feature","geometry":{"type":"Polygon","coordinates":[[[-80.9029,38.4206],[-81.0047,38.3688],[-81.2316,38.2635],[-81.2206,38.2619],[-81.2207,38.2544],[-81.2148,38.2551],[-81.2043,38.2489],[-81.1924,38.2495],[-81.1937,38.2415],[-81.1856,38.2372],[-81.1946,38.233],[-81.1928,38.229],[-81.1764,38.2337],[-81.1544,38.2263],[-81.1434,38.2363],[-81.1336,38.2355],[-81.1108,38.2135],[-81.0946,38.2047],[-81.0845,38.2043],[-81.0836,38.1994],[-81.0747,38.1961],[-81.0654,38.2002],[-81.0714,38.206],[-81.0696,38.2109],[-81.0512,38.2126],[-81.0526,38.2174],[-81.0597,38.2218],[-81.0487,38.223],[-81.0383,38.2285],[-81.0384,38.24],[-81.0284,38.2371],[-81.0274,38.2301],[-81.0349,38.2205],[-81.0207,38.2148],[-81.017,38.2039],[-81.0073,38.2063],[-81.0116,38.214],[-81.0078,38.2214],[-80.9835,38.2225],[-80.9691,38.2153],[-80.9649,38.201],[-80.9568,38.2026],[-80.9441,38.1936],[-80.9485,38.1854],[-80.9415,38.1818],[-80.951,38.1765],[-80.9462,38.1727],[-80.9499,38.1683],[-80.9438,38.1639],[-80.9407,38.1551],[-80.9279,38.1512],[-80.9197,38.1415],[-80.9085,38.1433],[-80.9103,38.1324],[-80.9027,38.1226],[-80.8879,38.1357],[-80.8828,38.134],[-80.8878,38.1216],[-80.8853,38.1163],[-80.8764,38.1107],[-80.8822,38.1035],[-80.712,38.0791],[-80.5327,38.1986],[-80.4365,38.2673],[-80.6095,38.3586],[-80.6128,38.367],[-80.6255,38.3544],[-80.6334,38.3751],[-80.6617,38.4125],[-80.6407,38.4242],[-80.6783,38.5035],[-80.6508,38.5266],[-80.67,38.5275],[-80.6776,38.5331],[-80.6885,38.5317],[-80.6972,38.5373],[-80.7009,38.5334],[-80.7164,38.5369],[-80.7191,38.5323],[-80.7239,38.5362],[-80.7267,38.5323],[-80.7308,38.5344],[-80.7373,38.5324],[-80.7363,38.5245],[-80.7425,38.527],[-80.7505,38.5255],[-80.7519,38.5328],[-80.7582,38.5352],[-80.7603,38.5415],[-80.7773,38.548],[-80.7797,38.5562],[-80.7852,38.5576],[-80.8812,38.507],[-80.8759,38.503],[-80.8672,38.504],[-80.8646,38.5001],[-80.8253,38.4944],[-80.8174,38.4786],[-80.9029,38.4206]]]},"properties":{"NAME":"Nicholas County","GEOID":"54067"}},{"type":"Feature","geometry":{"type":"Polygon","coordinates":[[[-80.107,38.0558],[-79.9598,38.0637],[-79.9616,38.0674],[-79.9544,38.0804],[-79.9263,38.1068],[-79.9389,38.1116],[-79.9453,38.1322],[-79.9327,38.1362],[-79.9261,38.1496],[-79.9187,38.1548],[-79.9195,38.1626],[-79.9162,38.1631],[-79.9149,38.1677],[-79.9188,38.1701],[-79.9165,38.1768],[-79.921,38.18],[-79.9201,38.1825],[-79.9144,38.1884],[-79.9074,38.188],[-79.8973,38.1934],[-79.8903,38.2059],[-79.883,38.2069],[-79.8746,38.213],[-79.857,38.2311],[-79.8503,38.2333],[-79.8452,38.2411],[-79.8351,38.2419],[-79.8309,38.2497],[-79.8196,38.2482],[-79.8149,38.2516],[-79.812,38.2604],[-79.8063,38.2592],[-79.7983,38.266],[-79.7889,38.2687],[-79.7865,38.2746],[-79.7917,38.2847],[-79.7977,38.292],[-79.8028,38.2921],[-79.8102,38.3067],[-79.7966,38.3235],[-79.7731,38.3355],[-79.7676,38.3443],[-79.7703,38.3478],[-79.7644,38.3565],[-79.7556,38.3574],[-79.7422,38.3532],[-79.7267,38.3625],[-79.7268,38.3708],[-79.7317,38.3734],[-79.7295,38.3812],[-79.7066,38.4157],[-79.6897,38.4315],[-79.6915,38.4463],[-79.6881,38.4504],[-79.6884,38.4569],[-79.6911,38.4637],[-79.6991,38.4703],[-79.6995,38.4745],[-79.6934,38.4802],[-79.6976,38.4872],[-79.6923,38.4965],[-79.6883,38.4962],[-79.683,38.5013],[-79.6804,38.5106],[-79.6705,38.5077],[-79.6685,38.5123],[-79.6622,38.5152],[-79.6668,38.5243],[-79.673,38.5287],[-79.6669,38.5383],[-79.6709,38.541],[-79.6696,38.5508],[-79.6651,38.5609],[-79.6592,38.5627],[-79.6629,38.5704],[-79.6561,38.5762],[-79.6552,38.5831],[-79.6498,38.5936],[-79.6423,38.5998],[-79.6434,38.6025],[-79.6271,38.6079],[-79.6277,38.6118],[-79.6193,38.6204],[-79.6281,38.6265],[-79.63,38.6344],[-79.6343,38.6363],[-79.6179,38.6584],[-79.6268,38.6642],[-79.6307,38.6599],[-79.6361,38.6616],[-79.6271,38.6789],[-79.6339,38.682],[-79.6437,38.6807],[-79.6614,38.6901],[-79.6786,38.6819],[-79.6786,38.6648],[-79.684,38.6644],[-79.6978,38.6661],[-79.7019,38.6799],[-79.7102,38.6857],[-79.7189,38.6848],[-79.7254,38.6791],[-79.739,38.6795],[-79.7439,38.6864],[-79.7377,38.6915],[-79.7372,38.7074],[-79.7308,38.7124],[-79.7355,38.712],[-79.7395,38.7181],[-79.7509,38.7219],[-79.7505,38.7258],[-79.7553,38.7276],[-79.7547,38.734],[-79.7669,38.7345],[-79.7775,38.7395],[-79.7934,38.7214],[-79.7935,38.716],[-79.8025,38.71],[-79.7982,38.7034],[-79.809,38.6915],[-79.808,38.6829],[-79.8146,38.6767],[-79.8218,38.6561],[-79.8338,38.6476],[-79.8304,38.6362],[-79.8384,38.6286],[-79.8442,38.6321],[-79.8467,38.6296],[-79.8423,38.6081],[-79.8565,38.5836],[-79.8557,38.575],[-79.8633,38.5508],[-80.0284,38.4592],[-80.1169,38.474],[-80.3303,38.3358],[-80.3522,38.3453],[-80.36,38.2258],[-80.3633,38.1143],[-80.2647,38.0466],[-80.2222,38.0438],[-80.2104,38.0371],[-80.1978,38.0429],[-80.1691,38.0361],[-80.107,38.0558]]]},"properties":{"NAME":"Pocahontas County","GEOID":"54075"}},{"type":"Feature","geometry":{"type":"Polygon","coordinates":[[[-81.9731,38.0649],[-81.9698,38.0625],[-81.9721,38.0503],[-81.9682,38.0458],[-81.956,38.0426],[-81.9509,38.0379],[-81.933,38.0339],[-81.9177,38.0354],[-81.9162,38.032],[-81.9052,38.0298],[-81.9284,38.0282],[-81.9607,38.0075],[-81.9799,37.991],[-81.9775,37.9823],[-81.9499,37.9718],[-81.9368,37.9774],[-81.9123,37.9755],[-81.9109,37.9713],[-81.9024,37.9691],[-81.9018,37.9611],[-81.8611,37.9483],[-81.8146,37.9472],[-81.8063,37.9399],[-81.802,37.94],[-81.8011,37.9363],[-81.7898,37.9376],[-81.7814,37.9345],[-81.782,37.9288],[-81.7722,37.9195],[-81.7725,37.9129],[-81.7606,37.9113],[-81.7644,37.9053],[-81.7596,37.9034],[-81.7595,37.8927],[-81.757,37.8925],[-81.7599,37.8899],[-81.7591,37.8851],[-81.7822,37.8672],[-81.7716,37.8619],[-81.7744,37.8538],[-81.7672,37.8559],[-81.7623,37.849],[-81.7587,37.8501],[-81.7459,37.8441],[-81.7504,37.8383],[-81.7469,37.8369],[-81.7447,37.8291],[-81.7306,37.8247],[-81.7326,37.8168],[-81.7246,37.8141],[-81.7231,37.8096],[-81.7079,37.8125],[-81.6986,37.8241],[-81.6909,37.8217],[-81.682,37.8257],[-81.6799,37.8306],[-81.6675,37.8292],[-81.6655,37.8329],[-81.6587,37.8344],[-81.6547,37.8286],[-81.648,37.8303],[-81.6501,37.8258],[-81.644,37.8232],[-81.6464,37.8178],[-81.6354,37.8111],[-81.6323,37.8034],[-81.6258,37.8001],[-81.6204,37.8012],[-81.6075,37.7887],[-81.5969,37.7867],[-81.5965,37.7838],[-81.5832,37.7764],[-81.5852,37.7741],[-81.5827,37.7688],[-81.5765,37.7633],[-81.5628,37.7677],[-81.5589,37.774],[-81.5487,37.7765],[-81.5404,37.7837],[-81.5357,37.7829],[-81.5304,37.7897],[-81.52,37.7861],[-81.5142,37.7912],[-81.5211,37.8001],[-81.5199,37.8156],[-81.5168,37.8186],[-81.5276,37.8209],[-81.5323,37.8258],[-81.5394,37.8247],[-81.542,37.8289],[-81.5523,37.8247],[-81.5614,37.8417],[-81.5627,37.8653],[-81.5676,37.8675],[-81.5641,37.8743],[-81.5581,37.8772],[-81.5634,37.8863],[-81.5538,37.8943],[-81.5642,37.9027],[-81.5619,37.9194],[-81.5673,37.9208],[-81.5715,37.9277],[-81.566,37.931],[-81.5659,37.9349],[-81.5588,37.9362],[-81.563,37.9396],[-81.5616,37.9443],[-81.5549,37.9461],[-81.5558,37.9543],[-81.5444,37.9611],[-81.5456,37.9649],[-81.5414,37.9695],[-81.5262,37.9713],[-81.5076,37.9882],[-81.4891,37.981],[-81.482,37.9869],[-81.4628,37.99],[-81.4566,37.9873],[-81.4537,37.9927],[-81.4558,37.9993],[-81.4592,37.9985],[-81.462,38.0053],[-81.4656,38.0052],[-81.4634,38.0139],[-81.4685,38.0159],[-81.4653,38.0207],[-81.467,38.0244],[-81.4599,38.0271],[-81.4604,38.0301],[-81.4715,38.0458],[-81.4762,38.0475],[-81.4775,38.0503],[-81.4737,38.0536],[-81.4781,38.0601],[-81.4877,38.0609],[-81.4915,38.0679],[-81.5053,38.0607],[-81.5165,38.0637],[-81.5179,38.0694],[-81.5392,38.0783],[-81.5405,38.0824],[-81.5366,38.085],[-81.5348,38.0959],[-81.5263,38.1014],[-81.521,38.1008],[-81.5158,38.1124],[-81.5268,38.1189],[-81.5319,38.1173],[-81.5332,38.1213],[-81.546,38.1193],[-81.5462,38.1246],[-81.539,38.1304],[-81.5448,38.1376],[-81.5557,38.1415],[-81.5695,38.1373],[-81.5693,38.1417],[-81.5743,38.1449],[-81.5813,38.1437],[-81.5812,38.147],[-81.5904,38.1542],[-81.5897,38.1576],[-81.5993,38.1618],[-81.5959,38.1676],[-81.6067,38.1701],[-81.602,38.1762],[-81.607,38.1744],[-81.6248,38.1788],[-81.6289,38.1726],[-81.6334,38.1716],[-81.6346,38.1775],[-81.6419,38.1763],[-81.6393,38.1803],[-81.6485,38.185],[-81.6448,38.195],[-81.6471,38.2008],[-81.6525,38.2031],[-81.6431,38.2107],[-81.6454,38.2155],[-81.6437,38.2207],[-81.6598,38.2235],[-81.6671,38.2196],[-81.6757,38.2217],[-81.687,38.2181],[-81.6963,38.2277],[-81.7058,38.2271],[-81.7081,38.2231],[-81.7257,38.2213],[-81.7272,38.2137],[-81.721,38.2146],[-81.7244,38.2056],[-81.7314,38.205],[-81.737,38.1982],[-81.7533,38.2029],[-81.7551,38.2182],[-81.7651,38.2278],[-81.7839,38.2306],[-81.7844,38.2246],[-81.7893,38.2209],[-81.7855,38.2142],[-81.7896,38.2097],[-81.8109,38.2082],[-81.811,38.2021],[-81.8143,38.1993],[-81.8128,38.1899],[-81.8083,38.1892],[-81.8018,38.1784],[-81.8191,38.185],[-81.8285,38.2058],[-81.8335,38.2096],[-81.8399,38.2096],[-81.8388,38.2018],[-81.8449,38.1989],[-81.8518,38.1848],[-81.8497,38.1823],[-81.8425,38.1855],[-81.8388,38.1806],[-81.8492,38.1814],[-81.8512,38.1731],[-81.872,38.1768],[-81.8721,38.1637],[-81.8862,38.1681],[-81.8882,38.1627],[-81.8886,38.1658],[-81.8861,38.1569],[-81.8881,38.1513],[-81.8782,38.1495],[-81.8807,38.1473],[-81.8771,38.1414],[-81.8788,38.1372],[-81.8847,38.1375],[-81.8885,38.1421],[-81.9038,38.1416],[-81.9118,38.1482],[-81.9204,38.1483],[-81.9276,38.1525],[-81.9324,38.1501],[-81.9331,38.1403],[-81.9439,38.1375],[-81.9458,38.1258],[-81.9536,38.1187],[-81.9458,38.1094],[-81.947,38.1045],[-81.9641,38.0897],[-81.9621,38.0857],[-81.9689,38.0777],[-81.9663,38.0689],[-81.9731,38.0649]]]},"properties":{"NAME":"Boone County","GEOID":"54005"}},{"type":"Feature","geometry":{"type":"Polygon","coordinates":[[[-81.9144,38.3295],[-81.9152,38.3256],[-81.8858,38.3147],[-81.8457,38.3132],[-81.8306,38.3225],[-81.8128,38.3114],[-81.8122,38.3015],[-81.8065,38.2937],[-81.8082,38.2694],[-81.8018,38.2624],[-81.8105,38.257],[-81.8028,38.25],[-81.8092,38.2442],[-81.8208,38.2427],[-81.8129,38.2411],[-81.8077,38.2338],[-81.8101,38.2279],[-81.8017,38.2215],[-81.8092,38.2201],[-81.8204,38.2291],[-81.8225,38.2264],[-81.8186,38.2173],[-81.8331,38.2229],[-81.8365,38.2198],[-81.8191,38.185],[-81.8018,38.1784],[-81.8083,38.1892],[-81.8128,38.1899],[-81.8143,38.1993],[-81.811,38.2021],[-81.8109,38.2082],[-81.7896,38.2097],[-81.7855,38.2142],[-81.7893,38.2209],[-81.7844,38.2246],[-81.7839,38.2306],[-81.7651,38.2278],[-81.7551,38.2182],[-81.7533,38.2029],[-81.737,38.1982],[-81.7314,38.205],[-81.7244,38.2056],[-81.721,38.2146],[-81.7272,38.2137],[-81.7257,38.2213],[-81.7081,38.2231],[-81.7058,38.2271],[-81.6963,38.2277],[-81.687,38.2181],[-81.6757,38.2217],[-81.6671,38.2196],[-81.6598,38.2235],[-81.6437,38.2207],[-81.6454,38.2155],[-81.6431,38.2107],[-81.6525,38.2031],[-81.6471,38.2008],[-81.6448,38.195],[-81.6485,38.185],[-81.6393,38.1803],[-81.6416,38.1761],[-81.6346,38.1775],[-81.6334,38.1716],[-81.6289,38.1726],[-81.6248,38.1788],[-81.607,38.1744],[-81.602,38.1762],[-81.6067,38.1701],[-81.5959,38.1676],[-81.5993,38.1618],[-81.5897,38.1576],[-81.5904,38.1542],[-81.5812,38.147],[-81.5813,38.1437],[-81.5743,38.1449],[-81.5693,38.1417],[-81.5695,38.1373],[-81.5557,38.1415],[-81.5452,38.1379],[-81.539,38.1304],[-81.5462,38.1246],[-81.546,38.1193],[-81.5338,38.1214],[-81.5319,38.1173],[-81.5268,38.1189],[-81.5214,38.1135],[-81.5161,38.1129],[-81.521,38.1008],[-81.5263,38.1014],[-81.5348,38.0959],[-81.5396,38.079],[-81.5179,38.0694],[-81.5165,38.0637],[-81.5053,38.0607],[-81.4915,38.0679],[-81.4877,38.0609],[-81.477,38.0589],[-81.4737,38.0536],[-81.4775,38.0503],[-81.4762,38.0475],[-81.4715,38.0458],[-81.4604,38.0301],[-81.4599,38.0271],[-81.467,38.0244],[-81.4653,38.0207],[-81.4685,38.0159],[-81.4634,38.0139],[-81.4656,38.0052],[-81.462,38.0053],[-81.4592,37.9985],[-81.4558,37.9993],[-81.4537,37.9932],[-81.4589,37.9789],[-81.4431,37.9742],[-81.4379,37.9679],[-81.4309,37.9719],[-81.4181,37.9676],[-81.4114,37.9743],[-81.3976,37.9673],[-81.3863,37.9672],[-81.3808,37.9691],[-81.3332,38.1613],[-81.3268,38.1745],[-81.3293,38.1824],[-81.3215,38.1835],[-81.315,38.1805],[-81.2314,38.2638],[-81.2544,38.3751],[-81.2839,38.472],[-81.1941,38.5276],[-81.2206,38.5318],[-81.2743,38.5218],[-81.3035,38.5348],[-81.3493,38.5413],[-81.4654,38.5499],[-81.4717,38.5463],[-81.5075,38.5827],[-81.5222,38.6127],[-81.5782,38.5771],[-81.6328,38.5544],[-81.6352,38.5638],[-81.6437,38.567],[-81.6963,38.6264],[-81.7288,38.5962],[-81.739,38.5993],[-81.7418,38.5938],[-81.7505,38.591],[-81.7559,38.5809],[-81.7513,38.5795],[-81.7478,38.5665],[-81.7501,38.5555],[-81.7472,38.5536],[-81.7516,38.5465],[-81.7493,38.5407],[-81.7554,38.5339],[-81.7508,38.5265],[-81.7541,38.524],[-81.7423,38.5179],[-81.7398,38.5126],[-81.7436,38.5111],[-81.7424,38.5087],[-81.7317,38.5036],[-81.7339,38.4954],[-81.7253,38.4803],[-81.7272,38.4768],[-81.722,38.4747],[-81.7231,38.4678],[-81.8147,38.4329],[-81.8193,38.4353],[-81.8228,38.4297],[-81.8349,38.4294],[-81.8374,38.4252],[-81.8461,38.425],[-81.9002,38.3986],[-81.9144,38.3295]]]},"properties":{"NAME":"Kanawha County","GEOID":"54039"}},{"type":"Feature","geometry":{"type":"Polygon","coordinates":[[[-81.8197,37.6089],[-81.813,37.6015],[-81.83,37.5969],[-81.8279,37.5877],[-81.8381,37.5752],[-81.8343,37.5692],[-81.8532,37.5639],[-81.8578,37.5543],[-81.8559,37.5489],[-81.8427,37.549],[-81.8346,37.5361],[-81.8251,37.5344],[-81.8233,37.5227],[-81.829,37.5137],[-81.8179,37.5066],[-81.7952,37.5097],[-81.7929,37.5035],[-81.7799,37.501],[-81.7762,37.5051],[-81.763,37.5026],[-81.7522,37.5066],[-81.7359,37.4956],[-81.7152,37.4974],[-81.7076,37.4953],[-81.7018,37.5017],[-81.6849,37.5057],[-81.6888,37.5136],[-81.6821,37.5176],[-81.6721,37.5164],[-81.6544,37.5233],[-81.6465,37.5133],[-81.6411,37.5154],[-81.6339,37.51],[-81.6284,37.512],[-81.6302,37.5162],[-81.6175,37.5213],[-81.6125,37.5166],[-81.6128,37.5105],[-81.6034,37.5089],[-81.6076,37.5024],[-81.6025,37.5004],[-81.602,37.4931],[-81.5959,37.4907],[-81.5872,37.4945],[-81.583,37.4874],[-81.5757,37.4909],[-81.5706,37.4873],[-81.5534,37.4918],[-81.5502,37.4879],[-81.5346,37.4853],[-81.5273,37.4756],[-81.5193,37.4783],[-81.4991,37.4737],[-81.4914,37.481],[-81.4803,37.4792],[-81.4719,37.4841],[-81.4612,37.4836],[-81.4502,37.4762],[-81.4558,37.4707],[-81.4551,37.4662],[-81.4426,37.458],[-81.439,37.4586],[-81.4372,37.4521],[-81.4322,37.4487],[-81.4261,37.4613],[-81.4169,37.4556],[-81.4134,37.4589],[-81.4033,37.4588],[-81.3996,37.4646],[-81.393,37.4598],[-81.3854,37.4613],[-81.3829,37.4522],[-81.3741,37.4432],[-81.3492,37.4369],[-81.3464,37.4335],[-81.3291,37.4352],[-81.3234,37.4286],[-81.3058,37.4231],[-81.2929,37.4132],[-81.2826,37.4209],[-81.2943,37.4419],[-81.3056,37.4501],[-81.3074,37.4595],[-81.304,37.4625],[-81.3005,37.46],[-81.2968,37.4621],[-81.2948,37.4694],[-81.2781,37.4725],[-81.2722,37.4785],[-81.2718,37.4845],[-81.2639,37.4888],[-81.2637,37.4949],[-81.2585,37.4988],[-81.2221,37.5104],[-81.2251,37.5168],[-81.2308,37.5179],[-81.2454,37.5303],[-81.2531,37.533],[-81.2642,37.5276],[-81.2699,37.5335],[-81.2751,37.5341],[-81.2774,37.5419],[-81.285,37.5406],[-81.3016,37.5454],[-81.3116,37.5527],[-81.3123,37.5577],[-81.3165,37.5601],[-81.3134,37.5746],[-81.3103,37.5766],[-81.3136,37.5873],[-81.3209,37.5914],[-81.3217,37.5978],[-81.4279,37.7501],[-81.4378,37.7531],[-81.4454,37.7614],[-81.4443,37.7639],[-81.4565,37.7783],[-81.4576,37.784],[-81.4647,37.786],[-81.4785,37.7806],[-81.4892,37.7838],[-81.4929,37.7915],[-81.5012,37.7892],[-81.5064,37.7935],[-81.52,37.7861],[-81.5299,37.7899],[-81.5357,37.7829],[-81.5404,37.7837],[-81.5487,37.7765],[-81.5589,37.774],[-81.5628,37.7677],[-81.5765,37.7633],[-81.5827,37.7688],[-81.5841,37.7773],[-81.5965,37.7838],[-81.5969,37.7867],[-81.6059,37.7891],[-81.6237,37.7825],[-81.6275,37.7857],[-81.638,37.7776],[-81.6571,37.7798],[-81.6657,37.775],[-81.6697,37.7789],[-81.6751,37.7727],[-81.683,37.7762],[-81.6938,37.7741],[-81.6969,37.7683],[-81.7042,37.7674],[-81.7078,37.7634],[-81.7239,37.7646],[-81.728,37.7596],[-81.7353,37.7626],[-81.7406,37.7598],[-81.7433,37.7644],[-81.7549,37.7555],[-81.7619,37.7566],[-81.7645,37.7517],[-81.7017,37.7014],[-81.7106,37.6988],[-81.7164,37.7009],[-81.7332,37.6932],[-81.7326,37.686],[-81.7369,37.6826],[-81.7469,37.6796],[-81.7513,37.6853],[-81.7556,37.6857],[-81.7651,37.6777],[-81.7777,37.678],[-81.78,37.6725],[-81.7876,37.669],[-81.793,37.6709],[-81.803,37.661],[-81.7997,37.6565],[-81.8024,37.6423],[-81.7955,37.6315],[-81.8015,37.6251],[-81.7993,37.6205],[-81.8015,37.6153],[-81.8113,37.607],[-81.8128,37.6142],[-81.8197,37.6089]]]},"properties":{"NAME":"Wyoming County","GEOID":"54109"}},{"type":"Feature","geometry":{"type":"Polygon","coordinates":[[[-80.8164,39.3503],[-80.8294,39.3432],[-80.9138,39.2729],[-80.813,39.1094],[-80.701,39.0903],[-80.6907,39.1016],[-80.6876,39.1097],[-80.6812,39.112],[-80.6817,39.1212],[-80.6644,39.1297],[-80.6629,39.1378],[-80.6569,39.1411],[-80.6443,39.1369],[-80.6296,39.1392],[-80.6236,39.1428],[-80.6171,39.1541],[-80.6048,39.1555],[-80.5998,39.1597],[-80.595,39.1687],[-80.5897,39.171],[-80.5918,39.1827],[-80.5756,39.1752],[-80.5615,39.1787],[-80.5584,39.1897],[-80.5544,39.1922],[-80.5511,39.1864],[-80.5479,39.1866],[-80.5411,39.1898],[-80.5382,39.1954],[-80.5284,39.1961],[-80.5281,39.1988],[-80.5324,39.2007],[-80.5277,39.203],[-80.5256,39.209],[-80.5293,39.212],[-80.5461,39.2165],[-80.5544,39.2142],[-80.5577,39.2185],[-80.5662,39.221],[-80.5681,39.2281],[-80.5654,39.2314],[-80.5608,39.2325],[-80.5515,39.2267],[-80.5477,39.2289],[-80.5471,39.2348],[-80.5874,39.2611],[-80.5881,39.267],[-80.5775,39.2763],[-80.5799,39.2777],[-80.5778,39.2822],[-80.6043,39.286],[-80.6037,39.291],[-80.5926,39.3038],[-80.5862,39.3035],[-80.5824,39.3164],[-80.576,39.3153],[-80.5651,39.3199],[-80.5573,39.3371],[-80.5456,39.3452],[-80.5448,39.3518],[-80.5335,39.355],[-80.5318,39.3601],[-80.5441,39.3665],[-80.54,39.3734],[-80.5428,39.3813],[-80.5382,39.3867],[-80.5427,39.3891],[-80.548,39.4013],[-80.5391,39.4103],[-80.5379,39.4225],[-80.5437,39.4232],[-80.5459,39.4319],[-80.5582,39.4329],[-80.5595,39.4393],[-80.5686,39.4395],[-80.5702,39.4362],[-80.5788,39.4345],[-80.5777,39.4448],[-80.5811,39.4506],[-80.5965,39.4497],[-80.5988,39.441],[-80.6146,39.4506],[-80.6325,39.4436],[-80.6369,39.447],[-80.6413,39.4421],[-80.6532,39.4414],[-80.6575,39.4387],[-80.6587,39.433],[-80.677,39.4276],[-80.6833,39.4308],[-80.694,39.4263],[-80.6972,39.4324],[-80.7133,39.4303],[-80.7332,39.3955],[-80.8164,39.3503]]]},"properties":{"NAME":"Doddridge County","GEOID":"54017"}},{"type":"Feature","geometry":{"type":"Polygon","coordinates":[[[-81.4479,39.1209],[-81.5535,39.0493],[-81.5814,39.0262],[-81.5322,39.0058],[-81.5372,38.9902],[-81.5294,38.9822],[-81.5296,38.9775],[-81.5453,38.9715],[-81.5496,38.9669],[-81.55,38.9603],[-81.5412,38.9529],[-81.5388,38.9447],[-81.5338,38.9459],[-81.5194,38.9361],[-81.5206,38.9337],[-81.5162,38.9308],[-81.5204,38.9258],[-81.5144,38.9251],[-81.5129,38.9188],[-81.5012,38.918],[-81.4934,38.9256],[-81.4813,38.9242],[-81.4749,38.9283],[-81.4674,38.9275],[-81.4651,38.9325],[-81.4563,38.9335],[-81.4549,38.9401],[-81.4481,38.9416],[-81.4151,38.9207],[-81.3439,38.8956],[-81.3089,38.9081],[-81.2784,38.9149],[-81.274,38.9187],[-81.2775,38.9243],[-81.2664,38.9262],[-81.2727,38.9363],[-81.1625,39.0306],[-81.1738,39.0339],[-81.1794,39.0414],[-81.2028,39.0381],[-81.2041,39.0425],[-81.2107,39.0452],[-81.2247,39.0409],[-81.2282,39.0323],[-81.242,39.0382],[-81.2491,39.0345],[-81.2534,39.038],[-81.2489,39.0409],[-81.2537,39.0561],[-81.2737,39.0587],[-81.2724,39.0639],[-81.2618,39.0655],[-81.2572,39.0718],[-81.2606,39.0842],[-81.258,39.0947],[-81.2635,39.0987],[-81.261,39.1034],[-81.2643,39.1075],[-81.2764,39.108],[-81.2774,39.1183],[-81.2872,39.1257],[-81.2873,39.1324],[-81.2998,39.1299],[-81.324,39.1426],[-81.3292,39.1502],[-81.3286,39.1527],[-81.3198,39.1529],[-81.321,39.1565],[-81.3106,39.1579],[-81.3189,39.1634],[-81.3162,39.168],[-81.2978,39.1782],[-81.302,39.1821],[-81.2961,39.1814],[-81.298,39.1856],[-81.4031,39.1373],[-81.4249,39.1357],[-81.4479,39.1209]]]},"properties":{"NAME":"Wirt County","GEOID":"54105"}},{"type":"Feature","geometry":{"type":"Polygon","coordinates":[[[-81.0438,39.5369],[-81.0924,39.4961],[-81.1215,39.4578],[-81.1173,39.4566],[-81.1069,39.4636],[-81.0956,39.4572],[-81.0789,39.4676],[-81.0567,39.4634],[-81.0542,39.468],[-81.0613,39.4764],[-81.0426,39.4686],[-81.0293,39.4674],[-81.0254,39.4637],[-81.0153,39.4107],[-81.0067,39.3447],[-81.0022,39.3405],[-80.9945,39.3411],[-80.9881,39.344],[-80.9875,39.3473],[-80.9819,39.3472],[-80.9577,39.3401],[-80.9579,39.3438],[-80.9488,39.3498],[-80.9463,39.3596],[-80.9419,39.3628],[-80.9428,39.3784],[-80.9374,39.3866],[-80.9321,39.3891],[-80.919,39.3842],[-80.9103,39.3749],[-80.9044,39.3781],[-80.9034,39.373],[-80.8975,39.3733],[-80.8952,39.3677],[-80.8825,39.3584],[-80.8823,39.3539],[-80.8857,39.3515],[-80.8807,39.3457],[-80.885,39.3413],[-80.8839,39.3327],[-80.8925,39.3252],[-80.8899,39.3216],[-80.8914,39.3149],[-80.884,39.3078],[-80.8898,39.3007],[-80.8887,39.2943],[-80.8294,39.3432],[-80.7332,39.3955],[-80.7145,39.4296],[-80.6972,39.4324],[-80.694,39.4263],[-80.6833,39.4308],[-80.677,39.4276],[-80.6587,39.433],[-80.6575,39.4387],[-80.6532,39.4414],[-80.6413,39.4421],[-80.6369,39.447],[-80.6325,39.4436],[-80.6186,39.4504],[-80.6331,39.4568],[-80.6407,39.4664],[-80.6495,39.4696],[-80.6711,39.4642],[-80.6696,39.4712],[-80.6722,39.4776],[-80.6802,39.478],[-80.686,39.4705],[-80.6929,39.4738],[-80.7161,39.4755],[-80.7227,39.4911],[-80.7356,39.4911],[-80.7357,39.4996],[-80.74,39.502],[-80.7376,39.5058],[-80.7418,39.5074],[-80.7408,39.5128],[-80.7537,39.5188],[-80.757,39.525],[-80.765,39.5246],[-80.7693,39.5299],[-80.7841,39.5363],[-80.7847,39.5413],[-80.7809,39.5434],[-80.7828,39.5477],[-80.7943,39.5545],[-80.8022,39.5551],[-80.8067,39.5616],[-80.8232,39.5545],[-80.8219,39.5616],[-80.83,39.5655],[-80.8272,39.5763],[-80.8489,39.5892],[-80.8494,39.5928],[-80.8449,39.597],[-80.8464,39.6011],[-80.8522,39.602],[-80.886,39.5803],[-80.9438,39.6069],[-81.0438,39.5369]]]},"properties":{"NAME":"Tyler County","GEOID":"54095"}},{"type":"Feature","geometry":{"type":"Polygon","coordinates":[[[-79.6608,39.7208],[-79.7638,39.7208],[-79.7638,39.6969],[-79.7854,39.6573],[-79.7893,39.6238],[-79.8997,39.4819],[-79.8947,39.4356],[-79.8955,39.2996],[-79.8904,39.299],[-79.8887,39.3029],[-79.8871,39.298],[-79.8722,39.2947],[-79.871,39.2908],[-79.862,39.2855],[-79.8584,39.2802],[-79.8593,39.2739],[-79.8526,39.2707],[-79.8542,39.264],[-79.8509,39.2568],[-79.8534,39.2503],[-79.8503,39.2465],[-79.8363,39.2409],[-79.8172,39.2399],[-79.8093,39.2358],[-79.8097,39.2305],[-79.6873,39.2714],[-79.5076,39.2162],[-79.4872,39.1949],[-79.4877,39.2799],[-79.4824,39.5317],[-79.4789,39.5317],[-79.4767,39.7211],[-79.6608,39.7208]]]},"properties":{"NAME":"Preston County","GEOID":"54077"}},{"type":"Feature","geometry":{"type":"Polygon","coordinates":[[[-80.6111,38.5598],[-80.5087,38.6456],[-80.4511,38.7491],[-80.4532,38.761],[-80.449,38.7654],[-80.4498,38.7689],[-80.4421,38.7718],[-80.4461,38.7775],[-80.4585,38.7761],[-80.4637,38.7838],[-80.4584,38.7877],[-80.4631,38.7959],[-80.4692,38.7976],[-80.4745,38.7943],[-80.4855,38.8003],[-80.4738,38.8332],[-80.4798,38.8332],[-80.4908,38.8453],[-80.5007,38.8447],[-80.5072,38.854],[-80.5238,38.8628],[-80.5284,38.862],[-80.5325,38.8559],[-80.5415,38.8539],[-80.5481,38.8562],[-80.558,38.8676],[-80.5835,38.8589],[-80.5933,38.8704],[-80.591,38.8837],[-80.5992,38.8918],[-80.597,38.896],[-80.6088,38.905],[-80.6127,38.9021],[-80.6199,38.9026],[-80.6226,38.8975],[-80.6312,38.8976],[-80.6339,38.8925],[-80.6403,38.8898],[-80.641,38.8848],[-80.6521,38.8897],[-80.6591,38.8881],[-80.6595,38.8829],[-80.6659,38.8818],[-80.6726,38.889],[-80.6699,38.8928],[-80.6927,38.8803],[-80.7015,38.879],[-80.9849,38.7179],[-81.0317,38.6678],[-80.976,38.6251],[-80.979,38.6145],[-80.9773,38.6107],[-80.9711,38.6107],[-80.9727,38.6009],[-80.97,38.5932],[-80.9577,38.5973],[-80.9551,38.5922],[-80.9478,38.5922],[-80.9463,38.5882],[-80.9263,38.5793],[-80.925,38.5718],[-80.913,38.5632],[-80.915,38.5559],[-80.9128,38.5477],[-80.9177,38.5448],[-80.8915,38.5369],[-80.8883,38.5303],[-80.8891,38.5235],[-80.8812,38.507],[-80.7852,38.5576],[-80.7797,38.5562],[-80.7773,38.548],[-80.7603,38.5415],[-80.7582,38.5352],[-80.7519,38.5328],[-80.7511,38.5258],[-80.7425,38.527],[-80.739,38.5239],[-80.7363,38.5245],[-80.7373,38.5324],[-80.7308,38.5344],[-80.7267,38.5323],[-80.7239,38.5362],[-80.7191,38.5323],[-80.7173,38.5364],[-80.7115,38.537],[-80.7103,38.5342],[-80.7009,38.5334],[-80.6972,38.5373],[-80.6885,38.5317],[-80.6776,38.5331],[-80.67,38.5275],[-80.6522,38.5261],[-80.6111,38.5598]]]},"properties":{"NAME":"Braxton County","GEOID":"54007"}},{"type":"Feature","geometry":{"type":"Polygon","coordinates":[[[-81.0988,38.326],[-80.9114,38.4148],[-80.8174,38.4786],[-80.8253,38.4944],[-80.8646,38.5001],[-80.8686,38.5043],[-80.8787,38.504],[-80.8891,38.5235],[-80.8883,38.5303],[-80.8915,38.5369],[-80.9177,38.5448],[-80.9128,38.5477],[-80.915,38.5559],[-80.913,38.5632],[-80.925,38.5718],[-80.9263,38.5793],[-80.9463,38.5882],[-80.9478,38.5922],[-80.9551,38.5922],[-80.9577,38.5973],[-80.97,38.5932],[-80.9727,38.6009],[-80.9711,38.6107],[-80.9773,38.6107],[-80.979,38.6145],[-80.976,38.6251],[-81.0317,38.6678],[-81.1305,38.5662],[-81.2839,38.472],[-81.2544,38.3751],[-81.2314,38.2637],[-81.0988,38.326]]]},"properties":{"NAME":"Clay County","GEOID":"54015"}}]}